Good,Price
ammunition,18.83130
small_arms,35.49854
artillery,82.35181
canned_food,14.73877
barrels,98.00000
aeroplanes,110.00000
cotton,2.17017
dye,11.94995
wool,0.69000
silk,12.61255
coal,2.65033
sulphur,7.08105
iron,5.29175
timber,0.96005
tropical_wood,6.10068
rubber,25.80835
oil,44.50171
precious_metal,8.00000
steel,6.84210
cement,16.67065
machine_parts,73.85645
glass,3.15024
fuel,29.19409
fertilizer,10.92090
explosives,21.32129
clipper_convoy,43.93188
steamer_convoy,71.59644
electric_gear,16.00000
fabric,2.04022
lumber,1.05005
paper,3.44003
cattle,1.97998
fish,1.51001
fruit,1.78998
grain,2.20001
tobacco,1.16006
tea,3.21060
coffee,2.29019
opium,3.22003
automobiles,70.00000
telephones,16.00000
wine,11.21149
liquor,7.81137
regular_clothes,5.98016
luxury_clothes,103.92798
furniture,5.10019
luxury_furniture,88.14844
radio,16.00000
