Rank,Name,Country,Population,GDP,GDP_PerCapita,RGO_Income,PGDP,AGDP,FGDP,Employees,Revenue,Profit
1,blank,TUR,47481816.0,"$6,729,992.30",$0.14,"$18,427.86","$6,726,167.83","$3,824.48",$0.00,0,$0.00,$0.00
2,blank,ENG,22408730.0,"$2,949,157.87",$0.13,"$8,073.72","$2,946,909.52","$2,248.35",$0.00,0,$0.00,$0.00
3,blank,CHI,53451395.0,"$2,703,762.52",$0.05,"$7,398.06","$2,700,290.12","$3,472.41",$0.00,0,$0.00,$0.00
4,blank,RUS,19155124.0,"$1,998,275.73",$0.10,"$5,470.34","$1,996,672.58","$1,603.15",$0.00,0,$0.00,$0.00
5,blank,FRA,10173521.0,"$1,836,949.75",$0.18,"$5,028.74","$1,835,490.72","$1,459.03",$0.00,0,$0.00,$0.00
6,blank,AUS,8846580.0,"$1,601,850.37",$0.18,"$4,386.35","$1,601,016.93",$833.44,$0.00,0,$0.00,$0.00
7,blank,GXI,23977034.0,"$1,186,246.79",$0.05,"$3,246.08","$1,184,818.28","$1,428.51",$0.00,0,$0.00,$0.00
8,blank,PRU,5298884.0,"$1,008,244.82",$0.19,"$2,760.85","$1,007,711.08",$533.75,$0.00,0,$0.00,$0.00
9,blank,JAP,7572607.0,"$806,297.32",$0.11,"$2,207.08","$805,583.40",$713.92,$0.00,0,$0.00,$0.00
10,blank,USA,3460719.0,"$640,354.30",$0.19,"$1,753.10","$639,880.66",$473.64,$0.00,0,$0.00,$0.00
11,blank,ITA,3923613.0,"$568,528.82",$0.14,"$1,556.38","$568,078.65",$450.17,$0.00,0,$0.00,$0.00
12,blank,YNN,14662716.0,"$564,479.25",$0.04,"$1,545.53","$564,118.42",$360.84,$0.00,0,$0.00,$0.00
13,blank,NET,3423735.0,"$471,950.86",$0.14,"$1,292.45","$471,742.95",$207.91,$0.00,0,$0.00,$0.00
14,blank,SPA,5076743.0,"$438,216.30",$0.09,"$1,198.91","$437,602.15",$614.15,$0.00,0,$0.00,$0.00
15,blank,XBI,7713572.0,"$430,849.83",$0.06,"$1,179.00","$430,333.23",$516.60,$0.00,0,$0.00,$0.00
16,blank,BEL,833403.0,"$175,835.32",$0.21,$481.45,"$175,729.82",$105.50,$0.00,0,$0.00,$0.00
17,blank,SWE,1230158.0,"$175,804.25",$0.14,$481.40,"$175,709.76",$94.49,$0.00,0,$0.00,$0.00
18,blank,PER,1752927.0,"$161,207.68",$0.09,$440.94,"$160,944.34",$263.34,$0.00,0,$0.00,$0.00
19,blank,MCK,2822800.0,"$157,938.81",$0.06,$432.51,"$157,865.02",$73.80,$0.00,0,$0.00,$0.00
20,blank,MEX,1958131.0,"$150,383.45",$0.08,$411.68,"$150,263.55",$119.90,$0.00,0,$0.00,$0.00
21,Kiev,RUS,1752131.0,"$140,160.78",$0.08,$386.58,"$141,100.97",$144.28,"-$1,084.46",15914.0,$117.25,-$2.97
22,blank,CSA,1812045.0,"$137,724.97",$0.08,$377.13,"$137,654.12",$70.85,$0.00,0,$0.00,$0.00
23,blank,KOR,2600023.0,"$128,077.31",$0.05,$350.31,"$127,862.59",$214.72,$0.00,0,$0.00,$0.00
24,blank,BRZ,2008602.0,"$121,438.86",$0.06,$331.92,"$121,149.57",$289.29,$0.00,0,$0.00,$0.00
25,blank,ROM,1457105.0,"$106,764.99",$0.07,$292.29,"$106,684.96",$80.03,$0.00,0,$0.00,$0.00
26,blank,BAV,846630.0,"$101,678.09",$0.12,$278.27,"$101,569.08",$109.01,$0.00,0,$0.00,$0.00
27,blank,PEU,429958.0,"$94,301.72",$0.22,$258.33,"$94,291.57",$10.15,$0.00,0,$0.00,$0.00
28,blank,PAN,2781636.0,"$78,611.27",$0.03,$214.40,"$78,256.86",$354.41,$0.00,0,$0.00,$0.00
29,blank,AWA,1222053.0,"$66,326.87",$0.05,$181.52,"$66,253.77",$73.10,$0.00,0,$0.00,$0.00
30,Mazowieckie,RUS,1008307.0,"$65,803.35",$0.07,$172.67,"$63,025.99",$184.09,"$2,593.27",12118.0,$94.88,$1.46
31,blank,SAX,265940.0,"$65,047.02",$0.24,$178.19,"$65,040.14",$6.88,$0.00,0,$0.00,$0.00
32,blank,POR,1060866.0,"$63,891.07",$0.06,$174.39,"$63,650.64",$240.43,$0.00,0,$0.00,$0.00
33,blank,DAI,1608812.0,"$51,461.40",$0.03,$140.86,"$51,414.69",$46.72,$0.00,0,$0.00,$0.00
34,blank,BUR,1200063.0,"$50,708.85",$0.04,$138.59,"$50,586.61",$122.25,$0.00,0,$0.00,$0.00
35,blank,HES,251607.0,"$47,037.45",$0.19,$128.81,"$47,014.32",$23.13,$0.00,0,$0.00,$0.00
36,blank,TRN,136859.0,"$46,164.72",$0.34,$126.48,"$46,164.74",-$0.01,$0.00,0,$0.00,$0.00
37,blank,SWI,379696.0,"$45,344.03",$0.12,$124.14,"$45,309.43",$34.60,$0.00,0,$0.00,$0.00
38,Brest,RUS,602160.0,"$44,777.80",$0.07,$122.60,"$44,749.49",$28.31,$0.00,0,$0.00,$0.00
39,blank,CLM,387992.0,"$43,124.42",$0.11,$118.05,"$43,087.83",$36.59,$0.00,0,$0.00,$0.00
40,blank,HAN,541830.0,"$42,634.00",$0.08,$116.71,"$42,599.04",$34.96,$0.00,0,$0.00,$0.00
41,blank,D02,554718.0,"$41,744.58",$0.08,$114.32,"$41,727.52",$17.07,$0.00,0,$0.00,$0.00
42,Rovne,RUS,546318.0,"$38,825.56",$0.07,$98.83,"$36,072.92",$26.05,"$2,726.58",3669.0,$34.75,$1.87
43,Minsk,RUS,382310.0,"$38,475.49",$0.10,$106.03,"$38,699.29",$28.69,-$252.50,6306.0,$25.92,-$0.69
44,blank,WUR,291391.0,"$35,414.06",$0.12,$96.92,"$35,375.70",$38.36,$0.00,0,$0.00,$0.00
45,blank,BER,1103451.0,"$32,783.08",$0.03,$89.51,"$32,671.76",$111.32,$0.00,0,$0.00,$0.00
46,blank,BAD,190615.0,"$30,107.54",$0.16,$82.47,"$30,101.42",$6.12,$0.00,0,$0.00,$0.00
47,blank,CHL,308355.0,"$30,088.52",$0.10,$82.36,"$30,061.66",$26.86,$0.00,0,$0.00,$0.00
48,blank,AST,225184.0,"$29,217.40",$0.13,$79.98,"$29,192.68",$24.72,$0.00,0,$0.00,$0.00
49,blank,MGL,632504.0,"$28,793.30",$0.05,$78.79,"$28,756.65",$36.66,$0.00,0,$0.00,$0.00
50,blank,D06,235674.0,"$27,726.51",$0.12,$75.94,"$27,718.02",$8.49,$0.00,0,$0.00,$0.00
51,blank,DEN,459965.0,"$26,675.05",$0.06,$72.99,"$26,639.80",$35.25,$0.00,0,$0.00,$0.00
52,blank,SIA,862578.0,"$22,760.12",$0.03,$62.04,"$22,643.47",$116.65,$0.00,0,$0.00,$0.00
53,blank,COB,86062.0,"$22,021.04",$0.26,$60.30,"$22,010.52",$10.51,$0.00,0,$0.00,$0.00
54,blank,WAL,139445.0,"$21,639.52",$0.16,$59.27,"$21,634.33",$5.19,$0.00,0,$0.00,$0.00
55,blank,GRE,269589.0,"$21,412.41",$0.08,$58.54,"$21,366.26",$46.15,$0.00,0,$0.00,$0.00
56,blank,JAI,355646.0,"$19,569.41",$0.06,$53.45,"$19,509.63",$59.78,$0.00,0,$0.00,$0.00
57,blank,UCA,266943.0,"$19,030.72",$0.07,$52.12,"$19,025.08",$5.64,$0.00,0,$0.00,$0.00
58,blank,D03,202547.0,"$18,784.83",$0.09,$51.45,"$18,778.73",$6.10,$0.00,0,$0.00,$0.00
59,blank,AFG,466436.0,"$18,193.13",$0.04,$49.82,"$18,185.29",$7.84,$0.00,0,$0.00,$0.00
60,blank,MEI,60744.0,"$18,047.65",$0.30,$49.44,"$18,046.45",$1.20,$0.00,0,$0.00,$0.00
61,blank,MOL,198076.0,"$18,008.36",$0.09,$49.31,"$17,998.48",$9.88,$0.00,0,$0.00,$0.00
62,blank,BUK,946056.0,"$17,793.60",$0.02,$48.71,"$17,779.85",$13.76,$0.00,0,$0.00,$0.00
63,blank,D05,95648.0,"$17,035.64",$0.18,$46.66,"$17,032.69",$2.94,$0.00,0,$0.00,$0.00
64,blank,ARG,297326.0,"$15,740.14",$0.05,$43.11,"$15,735.32",$4.82,$0.00,0,$0.00,$0.00
65,blank,ELS,64798.0,"$15,249.65",$0.24,$41.78,"$15,248.30",$1.36,$0.00,0,$0.00,$0.00
66,blank,XIN,312132.0,"$14,956.64",$0.05,$40.96,"$14,949.14",$7.50,$0.00,0,$0.00,$0.00
67,blank,VNZ,239836.0,"$13,712.89",$0.06,$37.49,"$13,685.57",$27.31,$0.00,0,$0.00,$0.00
68,blank,ECU,197190.0,"$13,593.01",$0.07,$37.23,"$13,590.67",$2.34,$0.00,0,$0.00,$0.00
69,blank,ALD,324789.0,"$13,405.61",$0.04,$36.64,"$13,371.92",$33.68,$0.00,0,$0.00,$0.00
70,blank,BUN,443351.0,"$12,987.22",$0.03,$35.45,"$12,938.98",$48.24,$0.00,0,$0.00,$0.00
71,blank,SIN,385825.0,"$12,234.78",$0.03,$33.52,"$12,234.78",$0.00,$0.00,0,$0.00,$0.00
72,blank,LUX,30172.0,"$11,367.39",$0.38,$31.14,"$11,367.30",$0.09,$0.00,0,$0.00,$0.00
73,blank,D01,155944.0,"$11,195.51",$0.07,$30.66,"$11,189.53",$5.98,$0.00,0,$0.00,$0.00
74,blank,NAG,678596.0,"$11,134.65",$0.02,$30.37,"$11,085.14",$49.52,$0.00,0,$0.00,$0.00
75,blank,HEK,124590.0,"$11,067.41",$0.09,$30.30,"$11,060.74",$6.67,$0.00,0,$0.00,$0.00
76,blank,TIB,676981.0,"$10,721.68",$0.02,$29.25,"$10,678.07",$43.62,$0.00,0,$0.00,$0.00
77,blank,OLD,77470.0,"$10,704.73",$0.14,$29.30,"$10,695.69",$9.05,$0.00,0,$0.00,$0.00
78,blank,MYS,367567.0,"$9,688.39",$0.03,$26.33,"$9,608.90",$79.49,$0.00,0,$0.00,$0.00
79,blank,PRG,169764.0,"$9,660.17",$0.06,$26.46,"$9,656.76",$3.41,$0.00,0,$0.00,$0.00
80,blank,NAS,77253.0,"$9,279.35",$0.12,$25.40,"$9,271.27",$8.08,$0.00,0,$0.00,$0.00
81,blank,SOK,415754.0,"$8,350.27",$0.02,$22.88,"$8,350.27",$0.00,$0.00,0,$0.00,$0.00
82,blank,KRA,33857.0,"$7,872.35",$0.23,$21.57,"$7,872.17",$0.18,$0.00,0,$0.00,$0.00
83,blank,IND,232869.0,"$7,733.32",$0.03,$21.12,"$7,708.93",$24.39,$0.00,0,$0.00,$0.00
84,blank,MEW,287444.0,"$7,717.55",$0.03,$21.14,"$7,715.34",$2.21,$0.00,0,$0.00,$0.00
85,blank,TUN,352577.0,"$7,631.29",$0.02,$20.89,"$7,624.28",$7.01,$0.00,0,$0.00,$0.00
86,blank,HAI,176293.0,"$7,476.84",$0.04,$20.48,"$7,474.56",$2.28,$0.00,0,$0.00,$0.00
87,blank,NEP,224196.0,"$7,116.08",$0.03,$19.47,"$7,105.10",$10.98,$0.00,0,$0.00,$0.00
88,blank,BAL,204505.0,"$6,719.41",$0.03,$18.41,"$6,719.02",$0.40,$0.00,0,$0.00,$0.00
89,blank,TRA,309729.0,"$6,248.72",$0.02,$17.03,"$6,217.51",$31.21,$0.00,0,$0.00,$0.00
90,blank,D07,93371.0,"$6,218.89",$0.07,$17.03,"$6,217.58",$1.31,$0.00,0,$0.00,$0.00
91,blank,ATJ,229859.0,"$5,712.02",$0.02,$15.64,"$5,708.77",$3.25,$0.00,0,$0.00,$0.00
92,blank,MEC,51751.0,"$5,300.75",$0.10,$14.51,"$5,296.12",$4.63,$0.00,0,$0.00,$0.00
93,blank,WEI,67847.0,"$4,982.91",$0.07,$13.63,"$4,976.48",$6.43,$0.00,0,$0.00,$0.00
94,blank,BOL,39345.0,"$4,930.08",$0.13,$13.49,"$4,925.46",$4.61,$0.00,0,$0.00,$0.00
95,blank,BRA,50919.0,"$4,524.17",$0.09,$12.38,"$4,518.88",$5.29,$0.00,0,$0.00,$0.00
96,blank,LUA,75548.0,"$4,439.67",$0.06,$12.16,"$4,439.30",$0.36,$0.00,0,$0.00,$0.00
97,blank,ANH,30059.0,"$3,835.83",$0.13,$10.51,"$3,835.83",$0.00,$0.00,0,$0.00,$0.00
98,blank,HOL,53582.0,"$3,783.42",$0.07,$10.37,"$3,783.42",$0.00,$0.00,0,$0.00,$0.00
99,blank,KHI,169711.0,"$3,672.27",$0.02,$10.06,"$3,670.80",$1.47,$0.00,0,$0.00,$0.00
100,blank,LIB,104105.0,"$3,450.53",$0.03,$9.45,"$3,449.33",$1.20,$0.00,0,$0.00,$0.00
101,blank,BIK,249204.0,"$3,301.59",$0.01,$8.94,"$3,263.29",$38.30,$0.00,0,$0.00,$0.00
102,blank,ORI,149885.0,"$2,243.23",$0.01,$6.10,"$2,227.48",$15.75,$0.00,0,$0.00,$0.00
103,blank,URU,55370.0,"$2,048.51",$0.04,$5.61,"$2,047.83",$0.68,$0.00,0,$0.00,$0.00
104,blank,LIP,7940.0,"$1,764.57",$0.22,$4.83,"$1,764.57",$0.00,$0.00,0,$0.00,$0.00
105,Gibraltar,ENG,5323.0,"$1,723.28",$0.32,$0.09,$34.39,$4.83,"$1,684.06",1048.0,$13.47,$1.15
106,blank,BAS,108759.0,"$1,693.31",$0.02,$4.63,"$1,691.73",$1.58,$0.00,0,$0.00,$0.00
107,blank,KUT,50780.0,"$1,616.21",$0.03,$4.42,"$1,614.82",$1.39,$0.00,0,$0.00,$0.00
108,blank,HDJ,115326.0,"$1,569.90",$0.01,$4.30,"$1,569.90",$0.00,$0.00,0,$0.00,$0.00
109,blank,HND,55565.0,"$1,516.95",$0.03,$4.15,"$1,515.05",$1.90,$0.00,0,$0.00,$0.00
110,blank,JAS,95321.0,"$1,338.30",$0.01,$3.66,"$1,335.33",$2.97,$0.00,0,$0.00,$0.00
111,blank,NZL,96156.0,"$1,256.95",$0.01,$3.43,"$1,251.32",$5.63,$0.00,0,$0.00,$0.00
112,blank,KAL,65565.0,"$1,042.17",$0.02,$2.86,"$1,042.17",$0.00,$0.00,0,$0.00,$0.00
113,blank,HAM,29013.0,$899.42,$0.03,$2.43,$886.87,$12.55,$0.00,0,$0.00,$0.00
114,blank,MAK,24243.0,$866.31,$0.04,$2.37,$866.31,$0.00,$0.00,0,$0.00,$0.00
115,blank,COL,20451.0,$699.62,$0.03,$1.91,$698.15,$1.47,$0.00,0,$0.00,$0.00
116,blank,BRE,10164.0,$572.51,$0.06,$1.57,$572.03,$0.48,$0.00,0,$0.00,$0.00
117,blank,OMA,32691.0,$546.10,$0.02,$1.50,$546.10,$0.00,$0.00,0,$0.00,$0.00
118,blank,MON,7092.0,$390.88,$0.06,$1.07,$390.88,$0.00,$0.00,0,$0.00,$0.00
119,blank,BHU,25979.0,$368.39,$0.01,$1.01,$368.39,$0.00,$0.00,0,$0.00,$0.00
120,blank,LUB,5955.0,$244.86,$0.04,$0.66,$242.65,$2.21,$0.00,0,$0.00,$0.00
121,blank,FRM,7715.0,$239.00,$0.03,$0.64,$234.57,$4.42,$0.00,0,$0.00,$0.00
122,blank,SIK,13130.0,$194.71,$0.01,$0.53,$194.71,$0.00,$0.00,0,$0.00,$0.00
123,blank,CAM,161125.0,$114.41,$0.00,$0.31,$114.41,$0.00,$0.00,0,$0.00,$0.00
124,blank,none,923834.0,$0.00,$0.00,$0.00,$0.00,$0.00,$0.00,0,$0.00,$0.00
