Rank,ID,Name,Population,Colony_Population,Total_Population,FGDP,PGDP,AGDP,GDP,GDPperCapita,ammunition,small_arms,artillery,canned_food,barrels,aeroplanes,cotton,dye,wool,silk,coal,sulphur,iron,timber,tropical_wood,rubber,oil,precious_metal,precious_goods,steel,cement,machine_parts,glass,fuel,fertilizer,explosives,clipper_convoy,steamer_convoy,electric_gear,fabric,lumber,paper,cattle,fish,fruit,grain,tobacco,tea,coffee,opium,automobiles,telephones,wine,liquor,regular_clothes,luxury_clothes,furniture,luxury_furniture,radio
1,TUR,TUR,13252500.0,34229316.0,47481816.0,"$280,400.13","$6,726,168.00","$3,824.00","$7,010,392.13",$0.53,25.5,8.4,8.9,26.8,0.0,0.0,320.8,150.2,900.0,35.7,218.3,27.4,172.3,1236.2,256.0,0.0,0.0,162.5,0.0,138.2,13.4,10.9,195.1,1.1,18.9,11.6,3.4,5.2,0.0,551.5,407.8,147.9,263.0,168.2,849.0,1632.4,237.1,608.6,156.5,204.8,0.0,0.0,78.0,166.5,130.0,9.4,293.3,10.2,0.0
2,ENG,ENG,10468831.0,11945222.0,22414053.0,"$917,799.44","$2,946,944.00","$2,253.00","$3,866,996.44",$0.37,0.0,9.1,8.2,0.0,0.0,0.0,416.4,15.6,51.9,0.0,566.4,43.1,53.3,69.1,38.6,0.0,0.0,69.2,0.0,169.8,74.0,5.9,436.2,0.0,33.9,0.0,30.0,26.9,0.0,1272.8,427.5,299.5,153.2,446.6,398.7,717.0,62.1,199.8,9.9,0.0,0.0,0.0,109.6,275.6,223.6,0.5,294.4,9.8,0.0
3,CHI,CHI,53451395.0,0,53451395.0,$0.00,"$2,700,290.00","$3,472.00","$2,703,762.00",$0.05,0.0,0.0,0.0,10.0,0.0,0.0,104.2,0.0,0.0,57.2,217.6,0.0,122.5,527.0,0.0,0.0,0.0,170.4,0.0,0.0,7.1,0.0,227.1,0.0,1.0,0.0,0.0,0.0,0.0,260.4,149.1,106.4,0.0,0.0,0.5,210.7,0.0,900.9,0.0,0.0,0.0,0.0,237.0,380.6,127.5,14.7,73.1,0.0,0.0
4,FRA,FRA,9285757.0,887764.0,10173521.0,"$733,221.07","$1,835,491.00","$1,459.00","$2,570,171.07",$0.28,18.3,8.9,4.9,8.6,0.0,0.0,137.9,0.0,33.1,3.3,514.7,46.0,47.1,253.8,49.7,0.0,0.0,57.4,0.0,243.0,24.2,6.8,248.0,0.0,24.7,23.2,0.1,13.6,0.0,734.2,329.7,219.1,54.7,166.1,118.7,486.0,68.5,0.0,0.0,0.0,0.0,0.0,108.5,93.6,170.8,1.2,174.4,16.6,0.0
5,RUS,RUS,23006482.0,439868.0,23446350.0,"$49,126.62","$2,320,321.00","$2,015.00","$2,371,462.62",$0.10,10.6,1.7,4.2,11.2,0.0,0.0,0.0,0.0,112.0,1.0,267.2,9.8,97.0,2625.8,0.0,0.0,0.0,0.0,0.0,42.1,17.1,0.0,314.8,0.0,13.0,14.7,0.3,1.2,0.0,104.6,300.7,142.2,267.3,109.1,98.2,712.4,0.0,3.6,0.0,2.0,0.0,0.0,116.9,121.2,169.8,0.3,264.0,2.4,0.0
6,AUS,AUS,8846580.0,0,8846580.0,"$159,339.30","$1,601,017.00",$833.00,"$1,761,189.30",$0.20,14.9,8.4,1.6,2.6,0.0,0.0,13.8,0.0,30.4,5.2,552.8,25.9,147.5,179.9,0.0,0.0,0.0,45.8,0.0,56.5,13.0,0.4,290.6,0.0,10.9,3.6,0.0,0.0,0.0,59.1,65.7,29.3,132.5,47.4,168.7,302.9,0.0,0.0,0.0,0.0,0.0,0.0,64.5,87.7,52.0,1.3,38.9,2.4,0.0
7,PRU,PRU,5298884.0,0,5298884.0,"$543,417.06","$1,007,711.00",$534.00,"$1,551,662.06",$0.29,16.2,11.8,0.0,3.8,0.0,0.0,0.0,0.0,0.0,0.0,387.4,0.0,9.9,71.5,0.0,0.0,0.0,95.6,0.0,0.0,22.9,0.0,251.6,0.0,34.1,29.2,0.0,0.0,0.0,272.7,370.6,64.3,75.3,50.5,141.7,167.8,0.0,0.0,0.0,0.0,0.0,0.0,44.9,136.1,62.0,0.0,96.3,12.3,0.0
8,GXI,GXI,23977034.0,0,23977034.0,$0.00,"$1,184,818.00","$1,429.00","$1,186,247.00",$0.05,0.0,0.0,0.0,2.6,0.0,0.0,95.6,0.0,0.0,24.4,71.5,0.0,10.5,1062.7,44.1,0.0,0.0,0.0,0.0,0.0,0.0,0.0,91.9,0.0,0.0,0.0,0.0,0.0,0.0,210.0,310.4,124.7,0.0,0.0,0.0,0.0,0.0,372.6,0.0,0.0,0.0,0.0,20.8,78.0,58.7,6.3,142.4,6.0,0.0
9,USA,USA,3451690.0,9029.0,3460719.0,"$280,267.47","$639,881.00",$474.00,"$920,622.47",$0.27,7.5,0.0,2.9,0.0,0.0,0.0,12.7,0.0,0.8,0.0,116.5,0.0,53.7,577.1,0.0,0.0,0.0,3.3,0.0,81.2,7.2,2.2,138.2,0.0,0.2,6.0,9.8,1.7,0.0,240.5,62.5,33.6,21.4,51.0,3.6,171.4,41.9,0.0,0.0,0.0,0.0,0.0,29.5,69.7,48.2,1.3,27.7,0.3,0.0
10,JAP,JAP,7572607.0,0,7572607.0,"$33,495.68","$805,583.00",$714.00,"$839,792.68",$0.11,0.0,9.8,0.0,0.0,0.0,0.0,15.3,0.0,0.0,10.9,58.6,7.0,13.9,132.1,0.0,0.0,0.0,89.9,0.0,0.5,6.4,0.0,128.3,0.0,5.0,4.6,0.0,0.0,0.0,222.3,0.0,13.8,0.0,85.1,0.0,138.6,47.7,132.0,0.0,0.0,0.0,0.0,17.4,67.2,134.2,2.1,21.1,0.0,0.0
11,YNN,YNN,14662716.0,0,14662716.0,$0.00,"$564,118.00",$361.00,"$564,479.00",$0.04,0.0,0.0,0.0,0.0,0.0,0.0,0.0,0.0,0.0,8.9,0.0,0.0,0.0,147.9,0.0,0.0,0.0,0.0,0.0,0.0,0.0,0.0,0.0,0.0,0.0,0.0,0.0,0.0,0.0,22.5,42.6,29.8,0.0,0.0,143.5,33.3,0.0,299.4,0.0,0.0,0.0,0.0,0.0,7.6,14.2,2.3,35.9,0.0,0.0
12,ITA,ITA,3923613.0,0,3923613.0,"-$34,247.37","$568,079.00",$450.00,"$534,281.63",$0.14,2.7,0.0,0.0,1.3,0.0,0.0,0.0,0.0,38.3,0.0,0.0,40.8,22.6,147.8,0.0,0.0,0.0,0.0,0.0,0.0,0.0,0.0,0.0,0.0,19.2,6.8,0.0,0.0,0.0,0.0,106.8,21.6,13.9,202.9,324.0,29.8,0.0,0.0,0.0,0.0,0.0,0.0,51.4,84.7,153.1,0.0,45.7,1.0,0.0
13,SPA,SPA,3381609.0,1695134.0,5076743.0,"$65,780.01","$437,602.00",$614.00,"$503,996.01",$0.15,3.8,0.8,0.4,0.9,0.0,0.0,11.2,0.0,36.7,0.0,38.9,0.0,57.5,0.0,4.2,0.0,0.0,3.5,0.0,4.9,3.5,0.0,35.8,0.0,4.5,2.2,0.1,0.0,0.0,28.2,10.2,6.0,16.9,86.7,132.2,124.9,10.4,0.0,0.0,0.0,0.0,0.0,66.3,73.1,11.6,0.0,2.6,5.1,0.0
14,NET,NET,525353.0,2898382.0,3423735.0,"$17,592.94","$471,743.00",$208.00,"$489,543.94",$0.93,0.0,0.0,0.0,1.5,0.0,0.0,0.0,0.0,4.7,0.0,26.1,51.4,0.0,137.9,14.4,0.0,0.0,19.5,0.0,0.0,0.2,0.0,10.7,0.0,12.8,0.0,0.0,0.0,0.0,0.0,5.4,4.6,24.2,29.8,76.6,32.0,9.2,0.0,73.9,0.0,0.0,0.0,16.7,14.6,2.3,0.0,16.7,2.2,0.0
15,XBI,XBI,7713572.0,0,7713572.0,$0.00,"$430,333.00",$517.00,"$430,850.00",$0.06,0.0,0.0,0.0,0.0,0.0,0.0,55.6,0.0,0.0,0.0,306.8,0.0,0.0,151.3,0.0,0.0,0.0,0.0,0.0,0.0,0.2,0.0,112.5,0.0,2.6,0.0,0.0,0.0,0.0,25.7,29.0,13.3,0.0,0.0,0.0,45.4,0.0,0.0,0.0,0.0,0.0,0.0,2.2,67.2,26.9,0.0,80.4,0.0,0.0
16,BEL,BEL,833403.0,0,833403.0,"$123,610.12","$175,730.00",$105.00,"$299,445.12",$0.36,2.8,0.0,0.0,0.0,0.0,0.0,0.0,0.0,47.8,0.0,58.3,21.5,12.4,26.8,0.0,0.0,0.0,0.0,0.0,0.0,15.6,0.0,0.0,0.0,5.1,1.2,0.0,0.0,0.0,0.0,0.0,0.0,7.8,0.0,0.0,15.7,0.0,0.0,0.0,0.0,0.0,0.0,13.3,89.1,10.7,0.0,40.0,0.0,0.0
17,SWE,SWE,1230158.0,0,1230158.0,"$22,270.97","$175,710.00",$94.00,"$198,074.97",$0.16,0.0,0.0,0.0,0.3,0.0,0.0,0.0,0.0,0.0,0.0,8.6,0.0,16.5,212.5,0.0,0.0,0.0,0.0,0.0,0.0,0.0,0.0,14.7,0.0,0.0,0.0,0.0,0.0,0.0,0.0,14.9,1.4,0.0,44.3,0.0,45.6,0.0,0.0,0.0,0.0,0.0,0.0,7.7,10.9,218.8,0.0,27.1,0.0,0.0
18,MEX,MEX,1958131.0,0,1958131.0,"$20,766.56","$150,264.00",$120.00,"$171,150.56",$0.09,0.0,0.0,0.0,0.0,0.0,0.0,2.3,0.8,10.2,0.0,0.0,0.0,2.2,29.3,0.0,0.0,0.0,25.4,0.0,0.0,0.5,0.0,10.7,0.0,1.5,0.0,0.0,0.0,0.0,56.1,6.7,0.7,5.9,14.2,10.7,42.1,0.0,0.0,1.0,0.0,0.0,0.0,6.3,17.3,40.8,1.3,8.6,0.0,0.0
19,CSA,CSA,1812045.0,0,1812045.0,"$27,278.44","$137,654.00",$71.00,"$165,003.44",$0.09,1.7,0.0,0.0,1.4,0.0,0.0,53.0,0.0,0.0,0.0,33.3,1.7,3.4,2.2,0.0,0.0,0.0,0.0,0.0,0.0,1.8,0.0,36.7,0.0,0.3,0.2,0.0,0.0,0.0,1.0,0.8,0.2,8.9,0.0,1.8,31.1,44.8,0.0,0.0,0.0,0.0,0.0,11.1,14.5,1.4,0.0,0.2,0.0,0.0
20,PER,PER,1752927.0,0,1752927.0,$452.61,"$160,944.00",$263.00,"$161,659.61",$0.09,0.2,0.1,0.0,0.0,0.0,0.0,38.3,0.0,42.5,0.0,59.6,0.0,4.4,87.5,0.0,0.0,0.0,0.0,0.0,9.3,0.9,0.0,12.0,0.0,4.0,0.0,0.0,0.0,0.0,9.4,0.0,2.1,0.9,11.1,15.0,5.8,0.0,0.0,0.0,1.6,0.0,0.0,19.4,24.2,30.3,0.2,7.9,1.3,0.0
21,MCK,MCK,2822800.0,0,2822800.0,$0.00,"$157,865.00",$74.00,"$157,939.00",$0.06,0.0,0.0,0.0,2.2,0.0,0.0,0.0,0.0,0.0,0.0,82.3,0.0,9.9,139.0,0.0,0.0,0.0,2.3,0.0,0.0,3.3,0.0,34.1,0.0,0.0,0.0,0.0,0.0,0.0,0.0,62.4,12.9,2.5,0.0,0.0,2.4,0.0,0.0,0.0,0.0,0.0,0.0,0.0,7.8,0.0,0.0,20.3,0.0,0.0
22,BRZ,BRZ,2008602.0,0,2008602.0,"$12,620.75","$121,150.00",$289.00,"$134,059.75",$0.07,0.0,0.0,0.0,0.0,0.0,0.0,7.3,0.0,0.0,0.0,0.0,0.4,0.5,14.8,13.3,0.0,0.0,0.0,0.0,0.0,0.0,0.0,0.0,0.0,0.7,0.0,0.0,0.0,0.0,20.1,7.1,2.7,15.7,0.0,39.9,7.4,22.3,0.0,30.9,0.0,0.0,0.0,29.8,51.3,22.4,0.0,0.4,1.7,0.0
23,KOR,KOR,2600023.0,0,2600023.0,$0.00,"$127,863.00",$215.00,"$128,078.00",$0.05,0.0,0.0,0.0,0.0,0.0,0.0,0.0,0.0,0.0,0.0,39.9,0.0,20.2,45.4,0.0,0.0,0.0,0.0,0.0,0.0,0.0,0.0,69.7,0.0,2.6,0.0,0.0,0.0,0.0,0.0,0.0,2.6,0.0,8.3,0.0,37.1,0.0,0.0,0.0,0.0,0.0,0.0,6.2,21.4,2.5,1.1,0.0,0.0,0.0
24,BAV,BAV,846630.0,0,846630.0,"$25,756.53","$101,569.00",$109.00,"$127,434.53",$0.15,6.3,6.3,0.7,0.0,0.0,0.0,0.0,0.0,0.0,0.0,0.0,0.0,0.0,96.7,0.0,0.0,0.0,0.0,0.0,49.3,0.0,0.6,0.0,0.0,7.3,7.8,0.0,0.0,0.0,0.0,0.0,0.0,30.2,0.0,26.8,35.3,0.0,0.0,0.0,0.0,0.0,0.0,7.9,3.9,23.0,0.0,21.9,0.5,0.0
25,SAX,SAX,265940.0,0,265940.0,"$55,619.29","$65,040.00",$7.00,"$120,666.29",$0.45,0.0,0.0,0.7,0.0,0.0,0.0,0.0,0.0,0.0,0.0,52.1,0.0,7.6,0.0,0.0,0.0,0.0,0.0,0.0,0.7,0.0,0.0,142.0,0.0,3.5,0.0,0.0,0.0,0.0,0.0,0.0,0.0,0.0,0.0,0.0,0.0,0.0,0.0,0.0,0.0,0.0,0.0,0.0,0.0,0.0,0.0,0.0,0.0,0.0
26,ROM,ROM,1457105.0,0,1457105.0,"$4,711.63","$106,685.00",$80.00,"$111,476.63",$0.08,1.0,3.1,0.5,0.0,0.0,0.0,0.0,0.0,61.1,0.0,0.0,0.0,0.0,0.0,0.0,0.0,0.0,0.0,0.0,0.0,1.8,0.0,4.6,0.0,0.1,2.6,0.0,0.0,0.0,11.7,0.0,0.0,11.6,0.0,31.5,77.6,0.0,0.0,0.0,0.0,0.0,0.0,8.7,3.2,0.3,0.2,33.9,0.2,0.0
27,PEU,PEU,429958.0,0,429958.0,"-$4,443.21","$94,292.00",$10.00,"$89,858.79",$0.21,0.0,0.0,0.0,0.1,0.0,0.0,0.0,0.0,26.4,0.0,0.0,3.0,3.3,8.8,0.0,0.0,0.0,22.6,0.0,0.0,0.0,0.0,0.0,0.0,2.5,0.0,0.0,0.0,0.0,0.0,0.0,2.1,3.2,3.8,0.0,0.0,0.0,0.0,0.0,0.0,0.0,0.0,0.3,1.0,6.5,0.0,0.3,0.0,0.0
28,SWI,SWI,379696.0,0,379696.0,"$33,930.93","$45,309.00",$35.00,"$79,274.93",$0.21,3.8,0.0,0.0,0.0,0.0,0.0,0.0,0.0,5.9,0.0,7.2,0.0,8.2,13.3,0.0,0.0,0.0,0.0,0.0,0.0,0.0,0.0,0.0,0.0,0.0,0.0,0.0,0.0,0.0,4.0,0.0,0.0,8.0,0.0,6.5,7.8,0.0,0.0,0.0,0.0,0.0,0.0,4.0,1.0,0.0,0.5,0.0,2.2,0.0
29,PAN,PAN,2781636.0,0,2781636.0,$0.00,"$78,257.00",$354.00,"$78,611.00",$0.03,0.0,0.0,0.0,0.0,0.0,0.0,37.0,0.0,14.9,0.9,0.0,0.0,0.0,0.0,0.0,0.0,0.0,0.0,0.0,0.0,0.0,0.0,22.0,0.0,3.7,0.0,0.0,0.0,0.0,0.0,0.0,0.0,0.0,0.0,21.0,3.6,0.0,21.0,0.0,0.0,0.0,0.0,32.4,40.4,0.0,0.5,16.9,0.2,0.0
30,POR,POR,1060866.0,0,1060866.0,"$12,851.50","$63,651.00",$240.00,"$76,742.50",$0.07,0.0,0.0,0.6,0.0,0.0,0.0,0.0,0.0,2.1,0.0,0.0,0.0,2.9,0.0,0.0,0.0,0.0,0.0,0.0,0.0,0.7,0.0,39.2,0.0,0.0,0.0,0.0,0.0,0.0,15.9,0.0,0.0,0.0,0.0,70.4,12.3,0.0,1.4,0.0,0.0,0.0,0.0,23.0,24.4,12.1,0.0,0.0,0.7,0.0
31,WUR,WUR,291391.0,0,291391.0,"$36,667.53","$35,376.00",$38.00,"$72,081.53",$0.25,0.0,0.0,0.0,0.0,0.0,0.0,0.0,0.0,0.0,0.0,0.0,0.0,0.0,0.0,0.0,0.0,0.0,0.0,0.0,0.0,0.6,1.0,29.0,0.0,0.0,0.0,0.0,0.0,0.0,0.0,0.0,0.0,0.0,0.0,39.4,12.0,0.0,0.0,0.0,0.0,0.0,0.0,6.6,0.1,29.4,0.0,17.8,0.0,0.0
32,AWA,AWA,1222053.0,0,1222053.0,$0.00,"$66,254.00",$73.00,"$66,327.00",$0.05,0.0,0.0,0.0,0.0,0.0,0.0,0.0,0.0,0.0,0.0,0.0,0.0,0.0,189.1,0.0,0.0,0.0,0.0,0.0,0.0,0.0,0.0,14.9,0.0,1.4,0.0,0.0,0.0,0.0,34.8,0.0,0.0,0.0,0.0,0.0,0.0,0.0,0.0,0.0,0.0,0.0,0.0,0.0,5.3,0.0,0.0,10.1,0.0,0.0
33,HES,HES,251607.0,0,251607.0,"$12,864.40","$47,014.00",$23.00,"$59,901.40",$0.24,0.0,0.0,0.1,0.0,0.0,0.0,0.0,0.0,0.0,0.0,0.0,10.3,0.0,0.0,0.0,0.0,0.0,0.0,0.0,0.0,0.0,0.0,4.8,0.0,1.0,0.0,0.0,0.0,0.0,0.0,0.0,0.0,6.4,0.0,24.0,0.0,0.0,0.0,0.0,0.0,0.0,0.0,4.4,0.0,82.4,0.0,0.0,0.0,0.0
34,DAI,DAI,1608812.0,0,1608812.0,$0.00,"$51,415.00",$47.00,"$51,462.00",$0.03,0.0,0.0,0.0,0.0,0.0,0.0,2.8,0.0,0.0,0.0,0.0,0.0,0.0,0.0,10.3,0.0,0.0,0.0,0.0,0.0,0.0,0.0,0.0,0.0,0.0,0.0,0.0,0.0,0.0,7.1,0.0,0.0,0.0,0.0,0.0,29.0,6.8,0.0,0.0,0.0,0.0,0.0,0.0,0.0,2.3,0.0,0.0,1.4,0.0
35,BUR,BUR,1200063.0,0,1200063.0,$0.00,"$50,587.00",$122.00,"$50,709.00",$0.04,0.0,0.0,0.0,0.0,0.0,0.0,0.0,0.0,0.0,0.0,0.0,0.0,0.0,9.0,14.5,0.0,0.0,0.0,0.0,0.0,0.0,0.0,3.1,0.0,1.6,0.0,0.0,0.0,0.0,3.0,0.0,0.0,0.0,0.9,0.0,6.7,0.0,0.0,0.0,7.8,0.0,0.0,1.1,6.6,0.6,0.7,5.8,1.3,0.0
36,HAN,HAN,541830.0,0,541830.0,"$7,083.76","$42,599.00",$35.00,"$49,717.76",$0.09,0.0,0.0,0.0,0.0,0.0,0.0,0.0,0.0,0.0,0.0,0.0,0.0,0.0,0.0,0.0,0.0,0.0,0.0,0.0,0.0,0.0,0.0,1.0,0.0,5.3,0.0,6.3,0.0,0.0,0.0,0.0,0.0,14.1,3.5,20.6,21.2,0.0,0.0,0.0,0.0,0.0,0.0,0.3,7.2,3.4,0.0,5.3,0.0,0.0
37,CLM,CLM,387992.0,0,387992.0,"$4,150.81","$43,088.00",$37.00,"$47,275.81",$0.12,0.4,0.5,0.0,0.0,0.0,0.0,0.0,0.0,0.0,0.0,0.0,0.0,0.0,6.2,0.0,0.0,0.0,7.6,0.0,0.0,0.0,0.0,0.3,0.0,0.1,0.0,0.0,0.0,0.0,0.6,0.0,0.0,7.0,0.6,3.0,7.4,0.0,0.0,6.4,0.0,0.0,0.0,5.4,0.8,5.5,0.4,0.1,0.0,0.0
38,TRN,TRN,136859.0,0,136859.0,-$303.97,"$46,165.00",$0.00,"$45,861.03",$0.34,0.0,0.0,0.0,0.0,0.0,0.0,0.0,0.0,3.0,0.0,0.0,0.0,0.0,0.0,0.0,0.0,0.0,14.5,0.0,0.0,0.0,0.0,0.0,0.0,0.0,0.0,0.0,0.0,0.0,0.0,0.0,0.0,0.0,0.0,0.0,3.7,0.0,0.0,0.0,0.0,0.0,0.0,0.0,0.0,0.5,0.0,0.0,0.0,0.0
39,CHL,CHL,308355.0,0,308355.0,"$13,019.49","$30,062.00",$27.00,"$43,108.49",$0.14,0.0,0.0,0.0,0.0,0.0,0.0,0.0,0.0,0.0,0.0,0.0,0.0,3.0,0.0,0.0,0.0,0.0,4.8,0.0,0.0,0.0,0.0,0.0,0.0,0.0,0.0,0.0,0.0,0.0,0.0,0.0,0.0,0.0,0.0,5.0,8.5,0.0,0.0,0.0,0.0,0.0,0.0,0.8,21.3,0.0,0.0,0.0,0.0,0.0
40,AST,AST,225184.0,0,225184.0,"$12,729.98","$29,193.00",$25.00,"$41,947.98",$0.19,0.0,0.0,0.0,0.0,0.0,0.0,0.0,0.0,0.0,0.0,2.8,0.0,0.0,9.1,2.8,0.0,0.0,3.0,0.0,0.0,0.7,0.0,0.0,0.0,0.0,0.0,0.0,0.0,0.0,0.0,0.2,0.6,1.8,1.0,0.7,7.4,0.0,0.0,0.0,0.0,0.0,0.0,1.5,9.8,5.4,0.0,4.3,0.2,0.0
41,D02,D02,554718.0,0,554718.0,"-$2,499.43","$41,728.00",$17.00,"$39,245.57",$0.07,0.0,0.0,0.0,0.0,0.0,0.0,5.6,0.0,0.0,0.0,0.0,0.0,0.0,0.0,0.0,0.0,0.0,0.0,0.0,0.0,0.0,0.0,0.0,0.0,0.1,0.0,0.0,0.0,0.0,2.7,0.0,0.0,0.0,0.0,0.0,39.5,13.1,0.0,0.0,0.0,0.0,0.0,5.5,4.7,5.2,0.0,0.0,0.0,0.0
42,BAD,BAD,190615.0,0,190615.0,"$8,434.82","$30,101.00",$6.00,"$38,541.82",$0.20,0.1,0.0,0.0,0.0,0.0,0.0,0.0,0.0,0.0,0.0,0.0,0.0,0.0,21.5,0.0,0.0,0.0,0.0,0.0,0.0,0.0,0.0,0.2,0.0,0.0,0.0,0.0,0.0,0.0,0.0,0.4,0.0,0.0,0.0,27.7,5.6,0.0,0.0,0.0,0.0,0.0,0.0,0.0,0.0,24.1,0.0,3.4,0.0,0.0
43,BER,BER,1103451.0,0,1103451.0,$0.00,"$32,672.00",$111.00,"$32,783.00",$0.03,0.0,0.0,0.0,0.0,0.0,0.0,41.2,0.0,0.0,0.0,0.0,0.0,0.0,0.0,0.0,0.0,0.0,0.0,0.0,0.0,0.0,0.0,0.0,0.0,1.2,0.0,0.0,0.0,0.0,5.2,0.0,0.0,0.0,0.0,0.0,0.0,0.0,0.0,0.0,0.0,0.0,0.0,6.7,7.3,0.0,0.4,0.0,0.9,0.0
44,MGL,MGL,632504.0,0,632504.0,$0.00,"$28,757.00",$37.00,"$28,794.00",$0.05,0.0,0.0,0.0,0.0,0.0,0.0,1.5,0.0,0.0,0.0,6.9,0.0,1.1,42.8,0.0,0.0,0.0,0.0,0.0,0.0,0.0,0.0,0.7,0.0,0.9,0.0,0.0,0.0,0.0,1.6,0.0,0.0,3.7,0.0,0.0,1.3,0.0,0.0,0.0,0.0,0.0,0.0,3.6,2.3,0.0,0.0,7.3,0.0,0.0
45,GRE,GRE,269589.0,0,269589.0,"$7,069.31","$21,366.00",$46.00,"$28,481.31",$0.11,0.0,0.0,0.0,0.0,0.0,0.0,4.7,0.0,0.0,0.0,0.0,0.0,0.0,0.0,0.0,0.0,0.0,0.0,0.0,0.0,0.0,0.0,1.5,0.0,0.0,0.0,0.0,0.0,0.0,0.0,0.0,0.0,0.0,5.2,17.2,4.4,0.0,0.0,0.0,0.0,0.0,0.0,10.4,0.3,0.0,0.4,0.0,0.0,0.0
46,D06,D06,235674.0,0,235674.0,$0.00,"$27,718.00",$8.00,"$27,726.00",$0.12,0.0,0.0,0.0,0.0,0.0,0.0,0.0,0.7,0.0,0.0,0.0,0.0,0.0,62.5,0.0,0.0,0.0,0.0,0.0,0.0,0.0,0.0,0.0,0.0,0.0,0.0,0.0,0.0,0.0,0.0,0.0,0.0,0.0,0.0,0.0,3.5,0.0,0.0,0.0,0.0,0.0,0.0,0.4,1.9,0.0,0.0,1.3,0.0,0.0
47,DEN,DEN,377192.0,82773.0,459965.0,$0.00,"$26,640.00",$35.00,"$26,675.00",$0.07,0.1,0.0,0.0,0.0,0.0,0.0,0.0,0.0,0.0,0.0,0.0,0.0,0.0,0.0,0.0,0.0,0.0,0.0,0.0,0.0,0.0,0.0,0.0,0.0,0.0,0.0,0.0,0.0,0.0,0.0,0.0,0.0,11.9,9.9,0.0,14.1,3.0,0.0,0.0,0.0,0.0,0.0,3.0,7.3,0.0,0.0,0.0,0.0,0.0
48,WAL,WAL,139445.0,0,139445.0,"$2,953.36","$21,634.00",$5.00,"$24,592.36",$0.18,0.0,0.0,0.0,0.0,0.0,0.0,0.0,0.0,9.4,0.0,16.6,0.0,0.0,0.0,0.0,0.0,0.0,0.0,0.0,0.0,0.0,0.0,9.1,0.0,0.0,0.0,0.0,0.0,0.0,1.3,0.0,0.0,0.0,0.0,0.0,3.9,0.0,0.0,0.0,0.0,0.0,0.0,0.0,0.0,3.1,0.0,0.0,0.0,0.0
49,COB,COB,86062.0,0,86062.0,"$2,254.89","$22,011.00",$11.00,"$24,276.90",$0.28,0.0,0.0,0.0,0.0,0.0,0.0,0.0,0.0,0.0,0.0,0.0,0.0,11.4,0.0,0.0,0.0,0.0,0.0,0.0,0.0,0.0,0.0,0.0,0.0,0.0,0.0,0.0,0.0,0.0,0.0,0.0,0.0,0.0,0.0,0.0,0.0,0.0,0.0,0.0,0.0,0.0,0.0,2.5,0.0,0.0,0.0,10.0,0.0,0.0
50,MEI,MEI,60744.0,0,60744.0,"$5,834.63","$18,046.00",$1.00,"$23,881.63",$0.39,0.0,0.0,0.0,0.0,0.0,0.0,0.0,0.0,0.0,0.0,0.0,0.0,9.3,0.0,0.0,0.0,0.0,0.0,0.0,0.0,0.0,0.0,19.2,0.0,0.0,0.0,0.0,0.0,0.0,0.0,0.0,0.0,0.0,0.0,0.0,0.0,0.0,0.0,0.0,0.0,0.0,0.0,0.0,0.0,0.0,0.0,0.0,0.0,0.0
51,SIA,SIA,862578.0,0,862578.0,$0.00,"$22,643.00",$117.00,"$22,760.00",$0.03,0.0,0.0,0.0,0.0,0.0,0.0,0.0,0.0,0.0,0.0,0.0,0.0,1.1,14.8,5.0,0.0,0.0,0.0,0.0,0.0,0.0,0.0,24.7,0.0,0.3,0.0,0.0,0.0,0.0,9.3,0.0,0.0,0.0,0.0,0.0,4.2,0.0,0.0,0.0,0.8,0.0,0.0,10.8,1.4,0.0,0.2,4.0,0.5,0.0
52,VNZ,VNZ,239836.0,0,239836.0,"$6,088.92","$13,686.00",$27.00,"$19,801.92",$0.08,0.2,0.0,0.0,0.0,0.0,0.0,0.0,0.0,2.1,0.0,0.0,0.0,0.0,4.8,0.0,0.0,0.0,0.0,0.0,0.0,0.0,0.0,3.2,0.0,0.0,0.0,0.0,0.0,0.0,0.0,0.0,0.0,2.8,0.0,6.7,0.0,0.0,0.0,6.1,0.0,0.0,0.0,5.4,1.6,1.4,0.2,1.6,0.0,0.0
53,JAI,JAI,355646.0,0,355646.0,$0.00,"$19,510.00",$60.00,"$19,570.00",$0.06,0.0,0.0,0.0,0.0,0.0,0.0,0.0,0.0,0.0,0.0,0.0,0.0,0.0,55.7,0.0,0.0,0.0,0.0,0.0,0.0,0.0,0.0,0.0,0.0,4.0,0.0,0.0,0.0,0.0,0.0,0.0,0.0,0.0,0.0,0.0,0.0,0.0,0.0,0.0,0.0,0.0,0.0,0.0,10.4,0.0,0.5,0.0,0.0,0.0
54,D03,D03,202547.0,0,202547.0,$0.00,"$18,779.00",$6.00,"$18,785.00",$0.09,0.0,0.0,0.0,0.0,0.0,0.0,0.0,0.0,0.0,0.0,0.0,0.0,0.0,0.0,0.0,0.0,0.0,0.0,0.0,0.0,0.0,0.0,0.9,0.0,0.3,0.0,0.0,0.0,0.0,0.0,0.0,0.0,0.0,0.0,0.0,20.0,0.0,0.0,3.3,0.0,0.0,0.0,0.1,1.4,0.0,0.0,0.0,0.0,0.0
55,AFG,AFG,466436.0,0,466436.0,$0.00,"$18,185.00",$8.00,"$18,193.00",$0.04,0.0,0.0,0.0,0.0,0.0,0.0,0.0,0.0,7.1,0.0,0.0,0.0,0.0,44.6,0.0,0.0,0.0,0.0,0.0,0.0,0.0,0.0,0.0,0.0,0.0,0.0,0.0,0.0,0.0,0.0,0.0,6.5,0.0,0.0,0.0,1.0,0.0,0.0,0.0,0.0,0.0,0.0,0.0,0.0,0.0,0.0,4.3,0.0,0.0
56,MOL,MOL,198076.0,0,198076.0,$0.00,"$17,998.00",$10.00,"$18,008.00",$0.09,0.0,0.0,0.0,0.0,0.0,0.0,0.0,0.0,0.0,0.0,0.0,0.0,0.0,0.0,0.0,0.0,0.0,0.0,0.0,0.0,0.0,0.0,0.0,0.0,0.0,0.0,0.0,0.0,0.0,0.0,0.0,0.0,0.0,0.0,14.9,10.3,0.0,0.0,0.0,0.0,0.0,0.0,1.8,1.5,0.0,0.0,0.0,0.0,0.0
57,UCA,UCA,266943.0,0,266943.0,"-$1,023.99","$19,025.00",$6.00,"$18,007.01",$0.07,0.0,0.0,0.0,0.0,0.0,0.0,0.0,0.0,0.0,0.0,0.0,0.0,1.2,2.5,0.0,0.0,0.0,0.0,0.0,0.0,0.0,0.0,0.0,0.0,0.0,0.0,0.0,0.0,0.0,0.0,0.0,0.6,0.2,0.0,19.0,0.0,0.0,0.0,3.9,0.0,0.0,0.0,1.4,0.1,1.4,0.0,0.6,0.0,0.0
58,BUK,BUK,946056.0,0,946056.0,$0.00,"$17,780.00",$14.00,"$17,794.00",$0.02,0.0,0.0,0.0,0.0,0.0,0.0,3.3,0.0,19.4,0.0,0.0,0.0,0.0,0.0,0.0,0.0,0.0,0.0,0.0,0.0,0.0,0.0,0.0,0.0,0.0,0.0,0.0,0.0,0.0,7.3,0.0,0.4,0.0,0.0,3.6,9.9,0.0,0.0,0.0,0.0,0.0,0.0,0.1,3.2,0.5,0.0,0.4,0.0,0.0
59,D05,D05,95648.0,0,95648.0,$0.00,"$17,033.00",$3.00,"$17,036.00",$0.18,0.0,0.0,0.0,0.0,0.0,0.0,0.0,0.0,0.0,0.0,0.0,5.5,0.0,0.0,0.0,0.0,0.0,0.0,0.0,0.0,0.0,0.0,0.0,0.0,0.0,0.0,0.0,0.0,0.0,0.0,0.0,0.0,0.0,0.0,0.0,3.5,0.0,0.0,0.0,0.0,0.0,0.0,0.0,1.0,0.0,0.0,0.0,0.0,0.0
60,ECU,ECU,197190.0,0,197190.0,"$2,479.87","$13,591.00",$2.00,"$16,072.87",$0.08,0.0,0.0,0.0,0.0,0.0,0.0,0.0,0.0,0.0,0.0,0.0,0.0,0.0,2.8,0.0,0.0,0.0,0.0,0.0,0.0,0.0,0.0,0.0,0.0,0.0,0.0,0.0,0.0,0.0,0.0,0.0,0.9,2.2,0.0,12.7,3.4,0.0,0.0,0.0,0.0,0.0,0.0,0.6,6.4,1.0,0.0,0.0,0.0,0.0
61,WEI,WEI,67847.0,0,67847.0,"$10,973.18","$4,976.00",$6.00,"$15,955.18",$0.23,0.0,0.0,0.0,0.0,0.0,0.0,0.0,0.0,0.0,0.0,0.0,0.0,0.0,0.0,0.0,0.0,0.0,0.0,0.0,0.0,0.0,0.0,29.0,0.0,0.0,0.0,0.0,0.0,0.0,0.0,0.0,0.0,0.0,0.0,0.0,6.2,0.0,0.0,0.0,0.0,0.0,0.0,1.6,0.0,0.0,0.0,0.0,0.0,0.0
62,OLD,OLD,77470.0,0,77470.0,"$4,841.13","$10,696.00",$9.00,"$15,546.13",$0.20,0.0,0.3,0.0,0.0,0.0,0.0,0.0,0.0,0.0,0.0,4.5,0.0,0.0,0.0,0.0,0.0,0.0,0.0,0.0,16.0,0.0,0.0,0.0,0.0,0.0,0.0,0.0,0.0,0.0,0.0,0.0,0.0,0.0,11.4,0.0,0.0,0.0,0.0,0.0,0.0,0.0,0.0,0.0,2.4,0.0,0.0,0.0,0.0,0.0
63,ARG,ARG,297326.0,0,297326.0,-$305.52,"$15,735.00",$5.00,"$15,434.48",$0.05,0.0,0.0,0.0,0.0,0.0,0.0,0.0,0.0,5.2,0.0,0.0,1.9,0.1,9.6,0.0,0.0,0.0,0.0,0.0,0.0,0.0,0.0,0.0,0.0,1.0,0.0,0.0,0.0,0.0,0.0,5.7,0.0,3.8,0.0,2.8,2.0,0.0,0.0,0.0,0.0,0.0,0.0,0.1,1.2,0.7,0.0,2.0,0.0,0.0
64,ELS,ELS,64798.0,0,64798.0,$0.00,"$15,248.00",$1.00,"$15,249.00",$0.23,0.0,0.0,0.0,0.0,0.0,0.0,0.0,0.0,0.0,0.0,0.0,0.0,0.0,0.0,5.4,0.0,0.0,0.0,0.0,0.0,0.0,0.0,0.0,0.0,0.0,0.0,0.0,0.0,0.0,0.0,0.0,0.0,0.0,0.0,0.0,0.0,0.0,0.0,3.9,0.0,0.0,0.0,0.0,0.0,0.0,0.0,0.0,0.0,0.0
65,XIN,XIN,312132.0,0,312132.0,$0.00,"$14,949.00",$7.00,"$14,956.00",$0.05,0.0,0.0,0.0,0.0,0.0,0.0,6.2,0.0,0.0,0.0,0.0,3.5,0.0,0.0,0.0,0.0,0.0,0.0,0.0,0.0,0.0,0.0,0.2,0.0,0.0,0.0,0.0,0.0,0.0,0.0,0.0,0.0,0.0,0.0,0.0,1.3,0.0,0.0,0.0,0.0,0.0,0.0,0.0,0.4,2.2,0.0,3.2,0.0,0.0
66,ALD,ALD,324789.0,0,324789.0,$0.00,"$13,372.00",$34.00,"$13,406.00",$0.04,0.0,0.0,0.0,0.0,0.0,0.0,0.0,0.0,4.1,0.0,0.0,0.0,5.6,0.0,0.0,0.0,0.0,0.0,0.0,0.0,0.0,0.0,5.2,0.0,0.0,0.0,0.0,0.0,0.0,26.7,0.0,0.0,0.0,0.0,0.8,1.2,0.0,0.0,0.0,0.0,0.0,0.0,0.3,0.4,5.4,0.1,0.1,0.0,0.0
67,BUN,BUN,298225.0,145126.0,443351.0,$0.00,"$12,939.00",$48.00,"$12,987.00",$0.04,0.0,0.0,0.0,0.0,0.0,0.0,0.0,0.5,0.0,0.0,0.0,0.0,0.0,0.0,0.0,0.0,0.0,0.0,0.0,0.0,0.0,0.0,0.0,0.0,3.7,0.0,0.0,0.0,0.0,15.4,0.0,0.0,0.0,0.0,0.0,3.2,0.0,7.0,0.0,0.0,0.0,0.0,0.0,0.1,0.0,0.5,6.9,0.0,0.0
68,SIN,SIN,385825.0,0,385825.0,$0.00,"$12,235.00",$0.00,"$12,235.00",$0.03,0.0,0.0,0.0,0.0,0.0,0.0,0.0,0.0,0.0,0.0,0.0,0.0,0.0,0.0,0.0,0.0,0.0,0.0,0.0,0.0,0.0,0.0,0.0,0.0,0.0,0.0,0.0,0.0,0.0,0.0,0.0,0.0,0.0,0.0,8.1,1.6,0.0,4.8,0.0,0.0,0.0,0.0,0.0,0.0,0.0,0.0,0.0,0.0,0.0
69,LUX,LUX,30172.0,0,30172.0,$0.00,"$11,367.00",$0.00,"$11,367.00",$0.38,0.0,0.0,0.0,0.0,0.0,0.0,0.0,0.0,0.0,0.0,0.0,0.0,5.9,0.0,0.0,0.0,0.0,0.0,0.0,0.0,0.0,0.0,0.0,0.0,0.0,0.0,0.0,0.0,0.0,0.0,0.0,0.0,0.0,0.0,0.0,0.0,0.0,0.0,0.0,0.0,0.0,0.0,0.0,0.0,0.0,0.0,0.0,0.0,0.0
70,NAG,NAG,678596.0,0,678596.0,$0.00,"$11,085.00",$50.00,"$11,135.00",$0.02,0.0,0.0,0.0,0.0,0.0,0.0,0.0,2.1,0.0,0.0,0.0,0.0,0.0,0.0,0.0,0.0,0.0,0.0,0.0,0.0,0.0,0.0,12.6,0.0,0.0,0.0,0.0,0.0,0.0,0.0,0.0,0.0,0.0,0.0,0.0,2.4,0.0,0.0,0.0,0.0,0.0,0.0,0.0,5.5,0.0,0.0,11.6,0.0,0.0
71,HEK,HEK,124590.0,0,124590.0,$0.00,"$11,061.00",$7.00,"$11,068.00",$0.09,0.0,0.1,0.0,0.0,0.0,0.0,0.0,0.0,0.0,0.0,0.0,0.0,0.0,0.0,0.0,0.0,0.0,0.0,0.0,0.0,0.0,0.0,0.0,0.0,0.0,0.0,0.0,0.0,0.0,0.0,0.0,0.0,0.0,0.0,0.0,13.8,0.0,0.0,0.0,0.0,0.0,0.0,0.0,1.9,0.0,0.0,0.0,0.0,0.0
72,TIB,TIB,676981.0,0,676981.0,$0.00,"$10,678.00",$44.00,"$10,722.00",$0.02,0.0,0.0,0.0,0.0,0.0,0.0,0.0,0.0,0.0,0.0,0.0,0.0,0.0,0.0,0.0,0.0,0.0,0.0,0.0,0.0,0.1,0.0,0.0,0.0,0.2,0.0,0.0,0.0,0.0,0.0,0.0,0.0,14.8,0.0,0.0,0.0,0.0,0.0,0.0,0.0,0.0,0.0,0.0,7.0,6.0,0.0,0.0,0.5,0.0
73,D01,D01,155944.0,0,155944.0,"-$1,209.60","$11,190.00",$6.00,"$9,986.40",$0.06,0.0,0.0,0.0,0.0,0.0,0.0,0.0,0.0,0.0,0.0,0.0,0.0,0.0,0.0,0.0,0.0,0.0,0.0,0.0,0.0,0.0,0.0,0.0,0.0,0.0,0.0,0.0,0.0,0.0,0.0,0.0,0.0,0.0,5.1,5.5,1.9,0.0,0.0,3.9,0.0,0.0,0.0,0.0,2.9,0.9,0.0,0.0,0.0,0.0
74,MYS,MYS,367567.0,0,367567.0,$0.00,"$9,609.00",$79.00,"$9,688.00",$0.03,0.0,0.0,0.0,0.0,0.0,0.0,0.0,0.0,7.5,0.9,0.0,0.0,0.0,0.0,0.0,0.0,0.0,0.0,0.0,0.0,0.0,0.0,34.6,0.0,0.0,0.0,0.0,0.0,0.0,0.0,0.0,0.0,0.0,0.0,0.0,0.0,0.0,3.0,0.0,0.0,0.0,0.0,0.2,0.0,0.0,0.5,0.0,0.5,0.0
75,PRG,PRG,169764.0,0,169764.0,$0.00,"$9,657.00",$3.00,"$9,660.00",$0.06,0.0,0.0,0.0,0.0,0.0,0.0,0.0,0.0,0.0,0.0,0.0,0.0,0.0,6.8,0.0,0.0,0.0,0.0,0.0,0.0,0.0,0.0,0.0,0.0,0.0,0.0,0.0,0.0,0.0,0.0,0.0,0.9,7.8,0.0,2.5,0.0,0.0,0.0,0.0,0.0,0.0,0.0,0.3,0.2,0.2,0.0,0.4,0.0,0.0
76,BOL,BOL,39345.0,0,39345.0,"$4,504.93","$4,925.00",$5.00,"$9,434.93",$0.24,0.0,0.0,0.0,0.0,0.0,0.0,0.0,0.0,7.6,0.0,0.0,0.0,0.0,0.0,1.2,0.0,0.0,0.0,0.0,0.0,0.0,0.0,0.0,0.0,0.0,0.0,0.0,0.0,0.0,0.0,0.0,0.0,0.0,0.0,0.7,0.0,0.0,0.0,0.0,0.0,0.0,0.0,1.0,0.0,0.0,0.0,0.0,0.1,0.0
77,NAS,NAS,77253.0,0,77253.0,$0.00,"$9,271.00",$8.00,"$9,279.00",$0.12,0.0,0.0,0.0,0.0,0.0,0.0,0.0,0.0,0.0,0.0,0.0,0.0,0.0,0.0,0.0,0.0,0.0,0.0,0.0,0.0,0.0,0.0,0.0,0.0,0.0,0.0,0.0,0.0,0.0,0.0,0.0,0.0,0.0,0.0,14.2,0.0,0.0,0.0,0.0,0.0,0.0,0.0,2.0,0.0,0.0,0.0,0.0,0.0,0.0
78,SOK,SOK,415754.0,0,415754.0,$0.00,"$8,350.00",$0.00,"$8,350.00",$0.02,0.0,0.0,0.0,0.0,0.0,0.0,0.0,0.0,0.0,0.0,0.0,0.0,0.0,0.0,0.0,0.0,0.0,0.0,0.0,0.0,0.0,0.0,0.0,0.0,0.0,0.0,0.0,0.0,0.0,0.0,0.0,0.0,8.8,0.0,0.0,2.5,0.0,0.0,0.0,0.0,0.0,0.0,0.0,0.0,0.0,0.0,0.0,0.0,0.0
79,KRA,KRA,33857.0,0,33857.0,$0.00,"$7,872.00",$0.00,"$7,872.00",$0.23,0.0,0.0,0.0,0.0,0.0,0.0,0.0,0.0,0.0,0.0,8.1,0.0,0.0,0.0,0.0,0.0,0.0,0.0,0.0,0.0,0.0,0.0,0.0,0.0,0.1,0.0,0.0,0.0,0.0,0.0,0.0,0.0,0.0,0.0,0.0,0.0,0.0,0.0,0.0,0.0,0.0,0.0,0.0,0.0,0.3,0.0,0.0,0.0,0.0
80,IND,IND,232869.0,0,232869.0,$0.00,"$7,709.00",$24.00,"$7,733.00",$0.03,0.0,0.0,0.0,0.0,0.0,0.0,9.7,0.0,0.0,0.0,0.0,0.0,0.0,0.0,0.0,0.0,0.0,0.0,0.0,0.0,0.0,0.0,2.7,0.0,0.0,0.0,0.0,0.0,0.0,0.0,0.0,0.0,0.0,0.0,0.0,0.0,0.0,0.0,0.0,0.0,0.0,0.0,0.0,0.0,0.0,0.4,0.0,0.0,0.0
81,MEW,MEW,287444.0,0,287444.0,$0.00,"$7,715.00",$2.00,"$7,717.00",$0.03,0.0,0.0,0.0,0.0,0.0,0.0,9.7,0.0,0.0,0.0,0.0,0.0,0.0,0.0,0.0,0.0,0.0,0.0,0.0,0.0,0.0,0.0,0.0,0.0,0.0,0.0,0.0,0.0,0.0,0.0,0.0,0.0,0.0,0.0,0.0,0.0,0.0,0.0,0.0,0.0,0.0,0.0,0.0,0.0,2.5,0.0,0.6,0.0,0.0
82,TUN,TUN,352577.0,0,352577.0,$0.00,"$7,624.00",$7.00,"$7,631.00",$0.02,0.0,0.0,0.0,0.0,0.0,0.0,0.0,0.0,2.6,0.0,0.0,0.0,0.0,0.0,0.0,0.0,0.0,0.0,0.0,0.0,0.0,0.0,0.0,0.0,0.0,0.0,0.0,0.0,0.0,0.0,0.0,0.0,0.0,0.0,3.4,5.9,0.0,0.0,0.0,0.0,0.0,0.0,0.0,0.0,0.0,0.1,0.0,0.0,0.0
83,HAI,HAI,176293.0,0,176293.0,$0.00,"$7,475.00",$2.00,"$7,477.00",$0.04,0.0,0.0,0.0,0.0,0.0,0.0,0.0,0.0,0.0,0.0,0.0,0.0,0.0,0.0,0.0,0.0,0.0,0.0,0.0,0.0,0.0,0.0,0.0,0.0,0.0,0.0,0.0,0.0,0.0,0.0,0.0,0.0,0.0,0.0,0.0,0.0,17.7,0.0,0.0,0.0,0.0,0.0,0.0,0.7,0.0,0.0,0.0,0.0,0.0
84,NEP,NEP,224196.0,0,224196.0,$0.00,"$7,105.00",$11.00,"$7,116.00",$0.03,0.0,0.0,0.0,0.0,0.0,0.0,0.0,0.0,0.0,0.0,0.0,0.0,0.0,0.0,0.0,0.0,0.0,0.0,0.0,0.0,0.0,0.0,4.4,0.0,0.0,0.0,0.0,0.0,0.0,0.0,0.0,0.0,0.0,0.0,0.0,0.0,0.0,6.1,0.0,0.0,0.0,0.0,0.0,0.0,0.0,0.1,0.5,0.0,0.0
85,MEC,MEC,51751.0,0,51751.0,"$1,734.71","$5,296.00",$5.00,"$7,035.71",$0.14,2.3,0.0,0.0,0.0,0.0,0.0,0.0,0.0,0.0,0.0,0.0,0.0,0.0,0.0,0.0,0.0,0.0,0.0,0.0,0.0,0.0,0.0,0.0,0.0,0.0,0.0,0.0,0.0,0.0,0.0,0.0,0.0,0.0,0.0,0.0,6.6,0.0,0.0,0.0,0.0,0.0,0.0,0.0,1.5,0.0,0.0,0.0,0.0,0.0
86,BAL,BAL,204505.0,0,204505.0,$0.00,"$6,719.00",$0.00,"$6,719.00",$0.03,0.0,0.0,0.0,0.0,0.0,0.0,0.0,0.0,0.0,0.0,0.0,0.0,0.0,9.0,0.0,0.0,0.0,0.0,0.0,0.0,0.0,0.0,0.0,0.0,0.0,0.0,0.0,0.0,0.0,0.0,0.0,0.0,0.0,6.5,0.0,0.0,0.0,0.0,0.0,0.0,0.0,0.0,0.0,0.0,0.0,0.0,0.5,0.0,0.0
87,TRA,TRA,309729.0,0,309729.0,$0.00,"$6,218.00",$31.00,"$6,249.00",$0.02,0.0,0.0,0.0,0.0,0.0,0.0,0.0,0.0,0.0,0.0,0.0,0.0,0.0,0.0,0.0,0.0,0.0,0.0,0.0,0.0,0.0,0.0,0.0,0.0,0.0,0.0,0.0,0.0,0.0,0.0,0.0,0.0,0.0,0.0,4.5,4.1,0.0,0.0,0.0,0.0,0.0,0.0,2.1,0.0,0.0,0.5,0.0,0.0,0.0
88,D07,D07,93371.0,0,93371.0,$0.00,"$6,218.00",$1.00,"$6,219.00",$0.07,0.0,0.0,0.0,0.0,0.0,0.0,0.0,0.0,0.0,0.0,0.0,0.0,0.0,0.0,0.0,0.0,0.0,0.0,0.0,0.0,0.0,0.0,0.0,0.0,0.0,0.0,0.0,0.0,0.0,0.0,0.0,0.0,0.0,11.3,0.0,0.0,0.0,0.0,0.0,0.0,0.0,0.0,0.3,0.0,0.1,0.0,0.0,0.0,0.0
89,ATJ,ATJ,229859.0,0,229859.0,$0.00,"$5,709.00",$3.00,"$5,712.00",$0.03,0.0,0.0,0.0,0.0,0.0,0.0,0.0,0.0,0.0,0.0,0.0,0.0,0.0,0.0,0.0,0.0,0.0,0.0,0.0,0.0,0.0,0.0,0.0,0.0,0.0,0.0,0.0,0.0,0.0,0.0,0.0,0.0,0.0,0.0,0.0,1.1,2.1,1.1,3.2,0.0,0.0,0.0,0.0,0.5,0.0,0.0,0.0,0.0,0.0
90,ANH,ANH,30059.0,0,30059.0,"$1,323.74","$3,836.00",$0.00,"$5,159.74",$0.17,0.0,0.0,0.0,0.0,0.0,0.0,0.0,0.0,0.0,0.0,0.0,0.0,0.0,0.0,0.0,0.0,0.0,0.0,0.0,0.0,0.0,0.0,0.0,0.0,0.0,0.0,0.0,0.0,0.0,0.0,0.0,0.0,0.0,0.0,5.9,0.0,0.0,0.0,0.0,0.0,0.0,0.0,0.0,1.4,0.0,0.0,0.0,0.0,0.0
91,BRA,BRA,50919.0,0,50919.0,$0.00,"$4,519.00",$5.00,"$4,524.00",$0.09,0.0,0.8,0.0,0.0,0.0,0.0,0.0,0.0,0.0,0.0,0.0,0.0,0.0,0.0,0.0,0.0,0.0,0.0,0.0,0.0,0.0,0.0,0.0,0.0,0.0,0.0,0.0,0.0,0.0,0.0,0.0,0.0,0.0,0.0,6.9,0.0,0.0,0.0,0.0,0.0,0.0,0.0,0.0,0.0,0.0,0.0,0.0,0.0,0.0
92,LUA,LUA,75548.0,0,75548.0,$0.00,"$4,439.00",$0.00,"$4,439.00",$0.06,0.0,0.0,0.0,0.0,0.0,0.0,0.0,0.0,0.0,0.0,0.0,0.0,0.0,0.0,1.8,0.0,0.0,0.0,0.0,0.0,0.0,0.0,0.0,0.0,0.0,0.0,0.0,0.0,0.0,0.0,0.0,0.0,0.0,0.0,0.0,0.0,1.1,0.0,0.0,0.0,0.0,0.0,0.0,0.0,0.0,0.0,0.0,0.0,0.0
93,HOL,HOL,53582.0,0,53582.0,$0.00,"$3,783.00",$0.00,"$3,783.00",$0.07,0.0,0.0,0.0,0.0,0.0,0.0,0.0,0.0,0.0,0.0,0.0,0.0,0.0,0.0,0.0,0.0,0.0,0.0,0.0,0.0,0.0,0.0,0.0,0.0,0.0,0.0,0.0,0.0,0.0,0.0,0.0,0.0,2.8,0.0,0.0,2.2,0.0,0.0,0.0,0.0,0.0,0.0,0.0,0.0,0.0,0.0,0.0,0.0,0.0
94,KHI,KHI,169711.0,0,169711.0,$0.00,"$3,671.00",$1.00,"$3,672.00",$0.02,0.0,0.0,0.0,0.0,0.0,0.0,2.0,0.0,4.9,0.0,0.0,0.0,0.0,0.0,0.0,0.0,0.0,0.0,0.0,0.0,0.0,0.0,0.0,0.0,0.0,0.0,0.0,0.0,0.0,0.0,0.0,0.0,0.0,0.0,0.0,0.0,0.0,0.0,0.0,0.7,0.0,0.0,0.2,0.0,0.0,0.0,0.5,0.0,0.0
95,LIB,LIB,104105.0,0,104105.0,$0.00,"$3,449.00",$1.00,"$3,450.00",$0.03,0.0,0.0,0.0,0.0,0.0,0.0,0.0,0.0,0.0,0.0,0.0,0.0,0.0,0.0,0.0,0.0,0.0,0.0,0.0,0.0,0.0,0.0,1.0,0.0,0.1,0.0,0.0,0.0,0.0,0.0,0.0,0.0,0.0,0.0,0.0,0.0,0.0,0.0,4.1,0.0,0.0,0.0,0.0,0.0,0.0,0.0,0.0,0.0,0.0
96,BIK,BIK,249204.0,0,249204.0,$0.00,"$3,263.00",$38.00,"$3,301.00",$0.01,0.0,0.0,0.0,0.0,0.0,0.0,0.0,0.0,13.0,0.0,0.0,0.0,0.0,0.0,0.0,0.0,0.0,0.0,0.0,0.0,0.0,0.0,0.0,0.0,0.0,0.0,0.0,0.0,0.0,0.0,0.0,0.0,0.0,0.0,0.0,0.0,0.0,0.0,0.0,0.0,0.0,0.0,0.0,0.0,0.0,0.0,0.0,1.0,0.0
97,ORI,ORI,149885.0,0,149885.0,$0.00,"$2,227.00",$16.00,"$2,243.00",$0.01,0.0,0.0,0.0,0.0,0.0,0.0,0.0,0.0,0.0,0.0,0.0,0.0,0.0,0.0,0.0,0.0,0.0,0.0,0.0,0.0,0.0,0.0,1.5,0.0,0.0,0.0,0.0,0.0,0.0,0.0,0.0,0.0,0.0,0.0,0.0,2.8,0.0,0.0,0.0,0.0,0.0,0.0,0.0,0.0,0.0,0.3,0.0,0.0,0.0
98,URU,URU,55370.0,0,55370.0,$0.00,"$2,048.00",$1.00,"$2,049.00",$0.04,0.0,0.0,0.0,0.0,0.0,0.0,0.0,0.0,0.1,0.0,0.0,0.0,0.0,0.0,0.0,0.0,0.0,0.0,0.0,0.0,0.0,0.0,0.0,0.0,0.0,0.0,0.0,0.0,0.0,0.0,0.0,0.0,2.8,0.0,0.0,0.0,0.0,0.0,0.0,0.0,0.0,0.0,0.0,0.2,0.0,0.0,0.0,0.0,0.0
99,LIP,LIP,7940.0,0,7940.0,$0.00,"$1,765.00",$0.00,"$1,765.00",$0.22,0.0,0.0,0.0,0.0,0.0,0.0,0.0,0.0,0.0,0.0,1.8,0.0,0.0,0.0,0.0,0.0,0.0,0.0,0.0,0.0,0.0,0.0,0.0,0.0,0.0,0.0,0.0,0.0,0.0,0.0,0.0,0.0,0.0,0.0,0.0,0.0,0.0,0.0,0.0,0.0,0.0,0.0,0.0,0.0,0.0,0.0,0.0,0.0,0.0
100,BAS,BAS,108759.0,0,108759.0,$0.00,"$1,692.00",$2.00,"$1,694.00",$0.02,0.0,0.0,0.0,0.0,0.0,0.0,0.0,0.0,0.0,0.0,0.0,0.0,0.0,0.0,0.0,0.0,0.0,0.0,0.0,0.0,0.0,0.0,0.0,0.0,0.0,0.0,0.0,0.0,0.0,2.5,0.0,0.0,0.0,0.0,0.0,2.1,0.0,0.0,0.0,0.0,0.0,0.0,0.0,0.0,0.0,0.0,0.0,0.0,0.0
101,KUT,KUT,50780.0,0,50780.0,$0.00,"$1,615.00",$1.00,"$1,616.00",$0.03,0.0,0.0,0.0,0.0,0.0,0.0,2.0,0.0,0.0,0.0,0.0,0.0,0.0,0.0,0.0,0.0,0.0,0.0,0.0,0.0,0.0,0.0,1.3,0.0,0.0,0.0,0.0,0.0,0.0,0.0,0.0,0.0,0.0,0.0,0.0,0.0,0.0,0.0,0.0,0.0,0.0,0.0,0.0,0.0,0.0,0.0,0.0,0.0,0.0
102,HDJ,HDJ,115326.0,0,115326.0,$0.00,"$1,570.00",$0.00,"$1,570.00",$0.01,0.0,0.0,0.0,0.0,0.0,0.0,0.0,0.0,1.4,0.0,0.0,0.0,0.0,0.0,0.0,0.0,0.0,0.0,0.0,0.0,0.0,0.0,0.0,0.0,0.0,0.0,0.0,0.0,0.0,0.0,0.0,0.0,0.0,0.0,0.0,1.5,0.0,0.0,0.0,0.0,0.0,0.0,0.0,0.0,0.0,0.0,0.0,0.0,0.0
103,HND,HND,55565.0,0,55565.0,$0.00,"$1,515.00",$2.00,"$1,517.00",$0.03,0.0,0.0,0.0,0.0,0.0,0.0,0.0,0.0,0.0,0.0,0.0,0.0,0.0,0.0,0.0,0.0,0.0,0.0,0.0,0.0,0.0,0.0,0.0,0.0,0.0,0.0,0.0,0.0,0.0,0.0,0.0,0.0,0.0,0.0,2.3,0.0,0.0,0.0,0.0,0.0,0.0,0.0,0.5,0.0,0.0,0.0,0.0,0.0,0.0
104,JAS,JAS,95321.0,0,95321.0,$0.00,"$1,335.00",$3.00,"$1,338.00",$0.01,0.0,0.0,0.0,0.0,0.0,0.0,0.0,0.0,5.3,0.0,0.0,0.0,0.0,0.0,0.0,0.0,0.0,0.0,0.0,0.0,0.0,0.0,2.8,0.0,0.0,0.0,0.0,0.0,0.0,0.0,0.0,0.0,0.0,0.0,0.0,0.0,0.0,0.0,0.0,0.0,0.0,0.0,0.0,0.0,0.0,0.0,0.0,0.0,0.0
105,NZL,NZL,96156.0,0,96156.0,$0.00,"$1,251.00",$6.00,"$1,257.00",$0.01,0.0,0.0,0.0,0.0,0.0,0.0,0.0,0.0,0.0,0.0,0.0,0.0,0.0,0.0,0.0,0.0,0.0,0.0,0.0,0.0,0.0,0.0,0.0,0.0,0.1,0.0,0.0,0.0,0.0,1.2,0.0,0.0,1.7,0.0,0.0,0.0,0.0,0.0,0.0,0.0,0.0,0.0,0.0,0.0,0.0,0.1,0.0,0.1,0.0
106,KAL,KAL,65565.0,0,65565.0,$0.00,"$1,042.00",$0.00,"$1,042.00",$0.02,0.0,0.0,0.0,0.0,0.0,0.0,0.0,0.0,4.1,0.0,0.0,0.0,0.0,0.0,0.0,0.0,0.0,0.0,0.0,0.0,0.0,0.0,0.0,0.0,0.0,0.0,0.0,0.0,0.0,0.0,0.0,0.0,0.0,0.0,0.0,0.0,0.0,0.0,0.0,0.0,0.0,0.0,0.0,0.0,0.0,0.0,0.0,0.0,0.0
107,MAK,MAK,24243.0,0,24243.0,$0.00,$866.00,$0.00,$866.00,$0.04,0.0,0.0,0.0,0.0,0.0,0.0,0.0,0.0,0.0,0.0,0.0,0.0,0.0,0.0,0.0,0.0,0.0,0.0,0.0,0.0,0.0,0.0,0.0,0.0,0.0,0.0,0.0,0.0,0.0,0.0,0.0,0.0,0.0,0.0,0.0,0.0,0.0,0.7,0.0,0.0,0.0,0.0,0.0,0.0,0.0,0.0,0.0,0.0,0.0
108,HAM,HAM,29013.0,0,29013.0,-$187.93,$887.00,$13.00,$712.08,$0.03,0.0,0.0,0.4,0.0,0.0,0.0,0.0,0.0,0.0,0.0,0.0,0.0,0.0,0.0,0.0,0.0,0.0,0.0,0.0,0.0,0.0,0.0,7.5,0.0,0.0,0.0,0.0,0.0,0.0,0.0,0.0,0.0,0.0,0.0,1.4,0.0,0.0,0.0,0.0,0.0,0.0,0.0,0.0,0.0,0.0,0.0,4.8,0.0,0.0
109,COL,COL,20451.0,0,20451.0,$0.00,$698.00,$1.00,$699.00,$0.03,0.1,0.0,0.0,0.0,0.0,0.0,0.0,0.0,0.0,0.0,0.0,0.0,0.0,1.7,0.0,0.0,0.0,0.0,0.0,0.0,0.0,0.0,0.2,0.0,0.0,0.0,0.0,0.0,0.0,0.0,0.0,0.0,0.0,0.2,0.0,0.0,0.0,0.0,0.0,0.0,0.0,0.0,0.2,0.1,0.0,0.0,0.0,0.0,0.0
110,BRE,BRE,10164.0,0,10164.0,$0.00,$572.00,$0.00,$572.00,$0.06,0.0,0.0,0.0,0.0,0.0,0.0,0.0,0.0,0.0,0.0,0.0,0.0,0.0,0.0,0.0,0.0,0.0,0.0,0.0,0.0,0.0,0.0,0.0,0.0,0.0,0.0,0.0,0.0,0.0,0.0,0.0,0.0,0.0,1.0,0.0,0.0,0.0,0.0,0.0,0.0,0.0,0.0,0.2,0.0,0.0,0.0,0.0,0.0,0.0
111,OMA,OMA,32691.0,0,32691.0,$0.00,$546.00,$0.00,$546.00,$0.02,0.0,0.0,0.0,0.0,0.0,0.0,0.0,0.0,0.0,0.0,0.0,0.0,0.0,0.0,0.0,0.0,0.0,0.0,0.0,0.0,0.0,0.0,0.0,0.0,0.0,0.0,0.0,0.0,0.0,0.0,0.0,0.0,0.0,0.2,0.2,0.1,0.0,0.0,0.0,0.2,0.0,0.0,0.0,0.0,0.0,0.0,0.0,0.0,0.0
112,MON,MON,7092.0,0,7092.0,$0.00,$391.00,$0.00,$391.00,$0.06,0.0,0.0,0.0,0.0,0.0,0.0,0.0,0.0,0.0,0.0,0.0,0.0,0.0,0.0,0.0,0.0,0.0,0.0,0.0,0.0,0.0,0.0,0.0,0.0,0.0,0.0,0.0,0.0,0.0,0.0,0.0,0.0,0.0,0.0,0.6,0.0,0.0,0.0,0.0,0.0,0.0,0.0,0.0,0.0,0.0,0.0,0.0,0.0,0.0
113,BHU,BHU,25979.0,0,25979.0,$0.00,$368.00,$0.00,$368.00,$0.01,0.0,0.0,0.0,0.0,0.0,0.0,0.0,0.0,1.5,0.0,0.0,0.0,0.0,0.0,0.0,0.0,0.0,0.0,0.0,0.0,0.0,0.0,0.0,0.0,0.0,0.0,0.0,0.0,0.0,0.0,0.0,0.0,0.0,0.0,0.0,0.0,0.0,0.0,0.0,0.0,0.0,0.0,0.0,0.0,0.0,0.0,0.0,0.0,0.0
114,LUB,LUB,5955.0,0,5955.0,$0.00,$243.00,$2.00,$245.00,$0.04,0.6,0.0,0.0,0.0,0.0,0.0,0.0,0.0,0.0,0.0,0.0,0.0,0.0,0.0,0.0,0.0,0.0,0.0,0.0,0.0,0.0,0.0,0.0,0.0,0.0,0.0,0.0,0.0,0.0,0.0,0.0,0.0,0.0,0.4,0.0,0.0,0.0,0.0,0.0,0.0,0.0,0.0,0.0,0.0,0.0,0.0,0.0,0.0,0.0
115,FRM,FRM,7715.0,0,7715.0,$0.00,$235.00,$4.00,$239.00,$0.03,1.3,0.0,0.0,0.0,0.0,0.0,0.0,0.0,0.0,0.0,0.0,0.0,0.0,0.0,0.0,0.0,0.0,0.0,0.0,0.0,0.0,0.0,0.0,0.0,0.0,0.0,0.0,0.0,0.0,0.0,0.0,0.0,0.0,0.0,0.4,0.0,0.0,0.0,0.0,0.0,0.0,0.0,0.0,0.0,0.0,0.0,0.0,0.0,0.0
116,SIK,SIK,13130.0,0,13130.0,$0.00,$195.00,$0.00,$195.00,$0.01,0.0,0.0,0.0,0.0,0.0,0.0,0.0,0.0,0.8,0.0,0.0,0.0,0.0,0.0,0.0,0.0,0.0,0.0,0.0,0.0,0.0,0.0,0.0,0.0,0.0,0.0,0.0,0.0,0.0,0.0,0.0,0.0,0.0,0.0,0.0,0.0,0.0,0.0,0.0,0.0,0.0,0.0,0.0,0.0,0.0,0.0,0.0,0.0,0.0
117,CAM,CAM,161125.0,0,161125.0,$0.00,$114.00,$0.00,$114.00,$0.00,0.0,0.0,0.0,0.0,0.0,0.0,0.0,0.0,0.0,0.0,0.0,0.0,0.0,0.0,0.0,0.0,0.0,0.0,0.0,0.0,0.0,0.0,0.0,0.0,0.0,0.0,0.0,0.0,0.0,0.0,0.0,0.0,0.0,0.0,0.0,0.1,0.0,0.0,0.0,0.0,0.0,0.0,0.0,0.0,0.0,0.0,0.0,0.0,0.0
118,none,none,923834.0,0,923834.0,$0.00,$0.00,$0.00,$0.00,$0.00,0.0,0.0,0.0,0.0,0.0,0.0,0.0,0.0,0.0,0.0,0.0,0.0,0.0,0.0,0.0,0.0,0.0,0.0,0.0,0.0,0.0,0.0,0.0,0.0,0.0,0.0,0.0,0.0,0.0,0.0,0.0,0.0,0.0,0.0,0.0,0.0,0.0,0.0,0.0,0.0,0.0,0.0,0.0,0.0,0.0,0.0,0.0,0.0,0.0
