Rank,State,Tag,Country,Building,Level,Employees,Produces,Leftover,Money,Revenue,Input Costs,Pops_paychecks,Profit,GDP,Productivity,AvgWage
1,294,ENG,ENG,cement_factory,10,99490.0,37.37341,14.9845,"$10,000.00",$547.16,$376.35,$3.09,$167.72,62346.35086205,0.6266594719273294,3.1077243944114984e-05
2,277,ENG,ENG,machine_parts_factory,3,15814.0,5.94785,1.66214,"$3,000.00",$440.10,$236.44,$93.63,$110.03,74335.04364065,4.700584522616036,0.0059207435259896295
3,277,ENG,ENG,paper_mill,7,66180.0,169.20694,112.16779,"$7,000.00",$497.63,$404.60,$2.09,$90.94,33955.64880200001,0.5130802176186161,3.151410803868238e-05
4,296,ENG,ENG,fabric_factory,5,49491.0,413.51166,171.34589,"$5,000.00",$848.95,$532.45,$237.37,$79.12,115522.02102874998,2.3342026030742957,0.004796306718595301
5,294,ENG,ENG,furniture_factory,7,67764.0,152.23462,59.84763,"$7,000.00",$764.63,$458.24,$229.79,$76.60,111832.15484545003,1.6503180869702205,0.0033910645623044682
6,420,FRA,FRA,luxury_furniture_factory,5,38760.0,6.77716,4.62311,"$5,000.00",$623.10,$372.24,$188.14,$62.71,91563.62731944997,2.362322686260319,0.004854087711558307
7,549,PRU,PRU,glass_factory,7,60644.0,213.38251,130.92862,"$7,000.00",$672.24,$428.74,$182.63,$60.88,88877.88986380005,1.4655677373491203,0.0030114405561968206
8,403,FRA,FRA,machine_parts_factory,2,9256.0,3.2421,1.51422,"$2,000.00",$239.70,$139.48,$40.30,$59.93,36581.08016925001,3.952147814309638,0.004353450719533276
9,387,BEL,BEL,liquor_distillery,7,69887.0,71.5947,47.7684,"$7,000.00",$558.87,$327.43,$173.67,$57.78,84477.48337079998,1.2087724951822225,0.0024849875846724
10,392,BEL,BEL,furniture_factory,2,16963.0,39.95435,24.64105,"$1,984.09",$212.18,$108.90,$52.19,$51.09,37697.60055465,2.2223427786741734,0.0030765709980545893
11,284,ENG,ENG,artillery_factory,5,42775.0,8.1748,4.19095,"$5,000.00",$545.59,$494.34,$1.34,$49.90,18705.358889000017,0.4372965257510232,3.14158129748685e-05
12,467,FRA,FRA,lumber_mill,2,19519.0,243.04761,36.34442,"$2,000.00",$249.82,$201.28,$0.36,$48.18,17717.582091999997,0.9077095185204158,1.836425892719914e-05
13,549,PRU,PRU,fertilizer_factory,3,29151.0,21.75107,6.66846,"$3,000.00",$235.04,$186.52,$1.41,$47.11,17708.637540700005,0.6074795904325754,4.8401155363452375e-05
14,575,PRU,PRU,liquor_distillery,6,49948.0,56.01563,16.28946,"$6,000.00",$441.68,$255.78,$139.42,$46.47,67853.04107455001,1.3584736340704335,0.0027913841797469366
15,575,PRU,PRU,luxury_furniture_factory,2,19998.0,4.88696,3.93307,"$2,000.00",$432.36,$246.97,$139.05,$46.35,67668.6920174,3.3837729781678165,0.0069529581743174316
16,428,FRA,FRA,machine_parts_factory,1,9968.0,2.47647,1.15662,"$1,000.00",$183.10,$100.03,$37.29,$45.78,30320.530395849997,3.0417867572080657,0.0037414005828651682
17,425,FRA,FRA,paper_mill,6,44561.0,97.23611,63.86462,"$6,000.00",$287.03,$241.36,$0.82,$44.85,16670.111848150005,0.37409644864679886,1.838843405668634e-05
18,269,ENG,ENG,steel_factory,4,32208.0,123.64502,0.0,"$4,000.00",$845.96,$670.23,$131.80,$43.93,64141.08642714999,1.991464432040176,0.0040920502027446595
19,291,ENG,ENG,glass_factory,4,33063.0,140.26199,40.84842,"$4,000.00",$441.98,$277.23,$123.57,$41.19,60135.16464145,1.8188054514547984,0.0037372714756676645
20,558,SAX,SAX,glass_factory,4,39759.0,140.39648,140.35367,"$4,000.00",$442.23,$281.79,$120.33,$40.11,58561.02417015002,1.4728998257036148,0.0030265064911089313
21,682,PRU,PRU,luxury_furniture_factory,2,19989.0,3.96039,3.18738,"$2,000.00",$350.30,$203.99,$109.74,$36.58,53404.46349995002,2.671692605930763,0.005489779327129921
22,277,ENG,ENG,regular_clothes_factory,5,49766.0,161.32492,32.5722,"$5,000.00",$963.60,$818.24,$109.02,$36.34,53057.107541550016,1.0661316469386732,0.002190681466463047
23,280,ENG,ENG,glass_factory,3,28659.0,119.20935,34.71725,"$3,000.00",$375.59,$230.78,$108.60,$36.20,52854.4238263,1.844252200924666,0.003789559317142957
24,425,FRA,FRA,steel_factory,3,24859.0,81.34946,31.78461,"$3,000.00",$557.12,$418.00,$104.35,$34.78,50781.527254450004,2.0427823828170886,0.004197497125789452
25,273,ENG,ENG,steel_factory,3,21394.0,46.11328,0.0,"$3,000.00",$315.51,$281.30,$0.67,$33.54,12484.831237850005,0.5835669457721794,3.108514022623165e-05
26,241,USA,USA,glass_factory,4,32536.0,96.85107,73.6669,"$4,000.00",$305.10,$175.00,$97.57,$32.52,47484.17419445001,1.4594349088532705,0.002998838853884928
27,553,PRU,PRU,paper_mill,2,17305.0,53.82715,27.53125,"$2,000.00",$165.08,$133.13,$0.00,$31.95,11661.108395699997,0.673857751846287,0.0
28,575,PRU,PRU,furniture_factory,3,29236.0,74.22473,24.32782,"$3,000.00",$375.98,$250.26,$94.29,$31.43,45886.85363895,1.5695325502445616,0.0032250668839786567
29,241,USA,USA,artillery_factory,2,14095.0,1.99829,0.92764,"$2,000.00",$131.88,$100.60,$0.42,$30.86,11417.979278650002,0.8100730243809863,2.986439588506563e-05
30,223,USA,USA,steel_factory,2,18761.0,70.03784,21.91034,"$2,000.00",$476.53,$361.28,$86.44,$28.81,42066.717831450005,2.2422428352140082,0.004607348291668888
31,407,FRA,FRA,luxury_clothes_factory,1,9812.0,1.17123,0.03128,"$1,000.00",$122.59,$64.85,$28.98,$28.76,21075.363767250004,2.147917220469833,0.0029538959763554832
32,294,ENG,ENG,paper_mill,2,19974.0,50.87601,33.72586,"$2,000.00",$149.62,$120.34,$0.62,$28.66,10687.355500949996,0.5350633574121356,3.107001151496946e-05
33,553,PRU,PRU,cement_factory,4,30151.0,12.03366,0.0,"$4,000.00",$200.61,$172.39,$0.00,$28.21,10297.214965250007,0.3415215072551493,0.0
34,277,ENG,ENG,fabric_factory,3,20575.0,171.83167,71.20151,"$3,000.00",$352.66,$240.47,$84.14,$28.05,40950.4536432,1.9903015136427704,0.004089660644471446
35,876,TUR,TUR,luxury_clothes_factory,1,7379.0,2.00229,0.55814,"$1,000.00",$207.99,$98.87,$81.84,$27.28,39830.97030825,5.397881868579753,0.011091538085106382
36,592,BAV,BAV,steel_factory,3,25582.0,49.25354,46.43976,"$3,000.00",$337.23,$310.10,$0.52,$26.61,9901.471555449993,0.3870483760241573,2.0331716832147605e-05
37,442,FRA,FRA,fabric_factory,2,19685.0,155.05829,71.78925,"$2,000.00",$316.27,$211.43,$78.63,$26.21,38265.87463549998,1.9439103193040377,0.003994336272288545
38,425,FRA,FRA,luxury_furniture_factory,3,14155.0,2.4184,1.64975,"$3,000.00",$222.65,$119.71,$77.20,$25.73,37571.251833450006,2.654274237615684,0.005453988158954434
39,455,FRA,FRA,fabric_factory,3,23641.0,165.47375,76.61142,"$3,000.00",$337.57,$240.80,$72.58,$24.19,35320.901182199996,1.4940527550526626,0.0030699704466816123
40,445,FRA,FRA,glass_factory,2,19770.0,79.96619,7.28699,"$2,000.00",$251.98,$157.13,$71.14,$23.71,34621.77825865,1.7512280353388976,0.0035984137713707637
41,399,FRA,FRA,fabric_factory,2,18353.0,143.31665,66.35306,"$2,000.00",$292.37,$198.38,$70.49,$23.50,34303.84017970002,1.869113506222417,0.003840644190595542
42,277,ENG,ENG,liquor_distillery,4,30109.0,29.16199,5.45453,"$4,000.00",$227.23,$137.22,$67.51,$22.50,32855.7142648,1.0912256888239398,0.0022422445660765884
43,549,PRU,PRU,small_arms_factory,4,30322.0,11.79053,10.48691,"$4,000.00",$417.85,$341.25,$55.82,$20.78,27959.2695598,0.9220786742233361,0.0018409694785963989
44,546,PRU,PRU,fertilizer_factory,2,12620.0,11.89828,3.6478,"$2,000.00",$128.59,$107.88,$0.00,$20.71,7558.356019150004,0.5989188604714741,0.0
45,451,FRA,FRA,luxury_furniture_factory,1,8091.0,2.0907,1.42621,"$1,000.00",$192.21,$109.55,$61.99,$20.66,30170.322113750004,3.7288743188419238,0.007662070517859349
46,1731,TUR,TUR,machine_parts_factory,2,3213.0,1.10934,1.01025,"$2,000.00",$81.53,$39.98,$21.16,$20.38,15165.0660703,4.719908518611889,0.0065867604761904765
47,232,USA,USA,paper_mill,1,9692.0,27.24722,17.59744,"$1,000.00",$81.15,$58.07,$2.79,$20.29,8425.799101499999,0.86935607733182,0.0002883599411886091
48,451,FRA,FRA,furniture_factory,3,29853.0,57.33105,19.43463,"$3,000.00",$289.60,$209.08,$60.39,$20.13,29387.81326485,0.9844174208572003,0.0020227747556359494
49,223,USA,USA,machine_parts_factory,1,4457.0,1.08191,0.64786,"$1,000.00",$79.73,$38.28,$21.52,$19.93,15131.181488750002,3.3949251713596595,0.004828605627103433
50,690,PRU,PRU,luxury_furniture_factory,1,9929.0,2.05618,1.65485,"$1,000.00",$181.88,$102.99,$59.16,$19.72,28793.37387065,2.8999268678265686,0.005958753838251586
51,682,PRU,PRU,fabric_factory,1,9745.0,89.04831,44.60297,"$1,000.00",$181.54,$102.70,$59.13,$19.71,28774.52682555,2.9527477501847104,0.006067287548486403
52,203,ENG,ENG,luxury_clothes_factory,1,8797.0,0.54547,0.00906,"$1,000.00",$56.59,$36.98,$0.00,$19.61,7158.56918315,0.8137511859895419,0.0
53,575,PRU,PRU,cement_factory,1,9998.0,5.13171,0.0,"$1,000.00",$85.55,$64.41,$1.83,$19.31,7714.311981799996,0.7715855152830562,0.00018254917483496698
54,296,ENG,ENG,luxury_furniture_factory,1,9955.0,1.9101,0.84076,"$1,000.00",$169.67,$93.06,$57.46,$19.15,27961.920624150003,2.80883180553993,0.005771572202913108
55,451,FRA,FRA,winery,4,25079.0,17.34021,13.35233,"$4,000.00",$203.56,$128.54,$56.26,$18.75,27380.20187415,1.0917581193089836,0.002243338601220144
56,445,FRA,FRA,luxury_furniture_factory,1,9897.0,1.80807,1.2334,"$1,000.00",$166.17,$93.21,$54.72,$18.24,26631.5553272,2.690871509265434,0.005529188032737193
57,254,ENG,ENG,fabric_factory,2,13160.0,109.56665,45.40088,"$2,000.00",$224.41,$152.76,$53.74,$17.91,26152.5485262,1.98727572387538,0.0040834432674772035
58,604,SWI,SWI,luxury_furniture_factory,2,17089.0,2.12512,2.11801,"$2,000.00",$187.23,$116.81,$52.81,$17.60,25700.486755200003,1.5039198756627072,0.0030902463198548774
59,580,PRU,PRU,regular_clothes_factory,2,14335.0,56.27197,30.52304,"$2,000.00",$338.42,$270.84,$50.68,$16.89,24665.737155549996,1.720665305584234,0.0035356136414370423
60,436,FRA,FRA,glass_factory,2,19994.0,63.34937,5.77277,"$2,000.00",$199.58,$133.41,$49.63,$16.54,24152.556152800007,1.2079902047014108,0.0024821716534960485
61,619,AUS,AUS,liquor_distillery,3,29982.0,22.35626,1.19397,"$3,000.00",$174.54,$109.57,$48.72,$16.24,23712.724914950002,0.7908987030534989,0.0016251343212594226
62,518,POR,POR,glass_factory,2,7592.0,39.20389,14.51483,"$2,000.00",$129.58,$94.03,$19.64,$15.90,12973.907622350001,1.7088919418269233,0.0025871576317175976
63,415,FRA,FRA,cement_factory,4,30966.0,10.39511,0.0,"$4,000.00",$173.29,$157.10,$0.57,$15.62,5908.94989065001,0.19082057387618712,1.8380827036104114e-05
64,403,FRA,FRA,fabric_factory,1,9855.0,79.32266,36.72501,"$1,000.00",$161.77,$99.36,$46.81,$15.60,22780.553586700004,2.31157316962963,0.004749807883307966
65,879,TUR,TUR,steel_factory,2,5639.0,34.91211,2.28964,"$2,000.00",$231.67,$170.25,$46.07,$15.36,22418.394009400003,3.9755974480226994,0.0081690358538748
66,695,PRU,PRU,liquor_distillery,2,16681.0,16.99188,4.94128,"$2,000.00",$133.93,$77.14,$42.60,$14.20,20729.57839654999,1.2427059766530777,0.0025535054319285413
67,258,ENG,ENG,liquor_distillery,2,19998.0,18.04932,3.37601,"$2,000.00",$140.60,$83.87,$42.55,$14.18,20707.333986200003,1.0354702463346337,0.002127678588358836
68,780,AUS,AUS,artillery_factory,1,9889.0,1.05228,0.30774,$782.58,$86.28,$72.38,$0.00,$13.90,5072.640074600001,0.5129578394782082,0.0
69,633,AUS,AUS,glass_factory,5,24354.0,73.66058,31.73196,"$5,000.00",$232.05,$176.79,$41.44,$13.81,20167.26364149999,0.8280883485875007,0.001701551401001889
70,399,FRA,FRA,artillery_factory,1,9779.0,1.69016,0.74142,"$1,000.00",$116.32,$102.35,$0.18,$13.79,5099.974975700004,0.5215231593925763,1.845098885366602e-05
71,873,TUR,TUR,liquor_distillery,2,10964.0,15.16052,0.04398,"$2,000.00",$118.20,$63.33,$41.15,$13.72,20027.3588568,1.8266471047792778,0.003753384461875228
72,420,FRA,FRA,machine_parts_factory,1,2936.0,0.71893,0.33578,"$1,000.00",$53.16,$30.46,$9.41,$13.29,8284.735868849999,2.821776522087874,0.0032039793051771115
73,540,OLD,OLD,steel_factory,1,4785.0,15.97769,15.56519,"$1,000.00",$109.32,$96.06,$0.15,$13.12,4841.128845499997,1.011730166248693,3.066941274817137e-05
74,531,HAN,HAN,clipper_shipyard,1,3459.0,6.31989,6.31314,"$1,000.00",$277.65,$264.61,$0.00,$13.03,4757.442167450015,1.3753807942902618,0.0
75,744,ITA,ITA,luxury_furniture_factory,1,9566.0,1.04449,0.04041,$974.35,$91.55,$64.89,$14.10,$12.56,9728.840637149995,1.017022855650219,0.0014735865293748695
76,876,TUR,TUR,canned_food_factory,2,13082.0,8.90234,0.0,"$2,000.00",$131.21,$97.34,$21.55,$12.31,12361.779630999994,0.9449456987463686,0.0016476167955970036
77,434,FRA,FRA,cement_factory,1,9980.0,4.12576,0.0,"$1,000.00",$68.77,$56.52,$0.18,$12.07,4472.074279500001,0.44810363522044094,1.84110621242485e-05
78,84,USA,USA,fabric_factory,1,8933.0,59.91623,33.76691,"$1,000.00",$122.11,$75.50,$34.96,$11.65,17013.402100749994,1.9045563753218397,0.003913472003806112
79,280,ENG,ENG,furniture_factory,1,6828.0,24.16626,9.50043,"$1,000.00",$121.27,$75.85,$34.07,$11.36,16579.8309341,2.4282119118482717,0.004989476530462801
80,269,ENG,ENG,regular_clothes_factory,2,17479.0,43.63043,8.80917,"$2,000.00",$260.50,$215.45,$33.79,$11.26,16444.014127499995,0.9407868944161563,0.0019331237559356942
81,458,FRA,FRA,steel_factory,2,10704.0,44.68018,17.45731,"$2,000.00",$305.77,$260.79,$33.73,$11.24,16414.986115499985,1.533537566844169,0.0031511045889387143
82,309,SWE,SWE,glass_factory,1,9739.0,14.69476,0.0,"$1,000.00",$46.29,$33.62,$1.69,$10.98,4626.649016449999,0.47506407397576744,0.00017392810350138618
83,106,USA,USA,machine_parts_factory,1,2820.0,0.58929,0.35287,"$1,000.00",$43.45,$22.44,$10.15,$10.86,7671.516264700002,2.7203958385461,0.003600733329787234
84,232,USA,USA,liquor_distillery,2,14309.0,11.58408,6.23395,"$2,000.00",$91.43,$48.60,$32.13,$10.71,15634.2149367,1.092614084611084,0.0022450974337829338
85,549,PRU,PRU,ammunition_factory,4,31593.0,12.27905,0.52164,"$4,000.00",$230.94,$189.16,$31.33,$10.44,15248.596802099997,0.48265744950147177,0.000991761882379008
86,553,PRU,PRU,fabric_factory,2,7621.0,66.11298,33.11502,"$2,000.00",$134.61,$93.42,$30.89,$10.30,15031.688690099993,1.9724037121243922,0.004052884340637711
87,258,ENG,ENG,small_arms_factory,3,20526.0,7.94403,4.87411,"$3,000.00",$281.35,$241.02,$30.24,$10.08,14718.562621500007,0.717069210830167,0.001473429885511059
88,232,USA,USA,regular_clothes_factory,1,9929.0,23.25027,15.56241,"$1,000.00",$140.25,$100.37,$29.92,$9.97,14558.752594650006,1.4662858892788806,0.0030129162110988017
89,434,FRA,FRA,glass_factory,1,9993.0,37.84296,3.44849,"$1,000.00",$119.27,$79.41,$29.89,$9.96,14547.446595549996,1.4557636941408982,0.002991295261683178
90,284,ENG,ENG,cement_factory,1,9399.0,3.51657,1.40994,"$1,000.00",$51.41,$41.14,$0.31,$9.96,3749.5373542000007,0.39892939187147575,3.298853814235558e-05
91,1649,JAP,JAP,fabric_factory,1,9996.0,62.09335,22.30344,"$1,000.00",$125.86,$86.03,$29.87,$9.96,14537.131958349997,1.45429491380052,0.002988277219887955
92,146,USA,USA,artillery_factory,1,5450.0,0.75534,0.35065,"$1,000.00",$49.85,$39.87,$0.16,$9.83,3645.377351649999,0.6688765782844035,2.953693394495413e-05
93,232,USA,USA,cement_factory,1,8556.0,2.72794,0.0,"$1,000.00",$45.48,$35.41,$0.25,$9.82,3675.586091200001,0.4295916422627397,2.9518837073398783e-05
94,864,TUR,TUR,winery,2,9465.0,7.91837,2.75409,"$2,000.00",$89.26,$50.19,$29.30,$9.77,14260.496980099997,1.5066557823666136,0.0030958680454305334
95,572,PRU,PRU,liquor_distillery,1,8427.0,10.49149,3.05096,"$1,000.00",$82.62,$43.71,$29.18,$9.73,14202.22931085,1.685324470256319,0.0034629954859380562
96,280,ENG,ENG,lumber_mill,1,6294.0,102.19308,4.77161,"$1,000.00",$104.58,$94.62,$0.24,$9.72,3634.661710850001,0.5774804116380682,3.753418176040674e-05
97,246,USA,USA,winery,2,17280.0,9.18793,4.50592,"$2,000.00",$94.98,$56.29,$29.02,$9.67,14122.519227499995,0.8172754182581016,0.0016793330509259259
98,280,ENG,ENG,paper_mill,1,9977.0,24.43018,16.19485,"$1,000.00",$71.83,$61.93,$0.31,$9.59,3613.5200494500036,0.3621850305151853,3.109640272627042e-05
99,223,USA,USA,liquor_distillery,2,13180.0,10.51361,5.6579,"$2,000.00",$83.01,$44.68,$28.74,$9.58,13989.230958400001,1.0613984035204858,0.0021809556236722307
100,425,FRA,FRA,regular_clothes_factory,1,9961.0,24.7348,7.73114,"$1,000.00",$148.49,$110.19,$28.72,$9.57,13978.604432349997,1.4033334436652944,0.0028835618702941473
101,269,ENG,ENG,cement_factory,1,9966.0,4.46982,1.79214,"$1,000.00",$65.37,$55.51,$0.31,$9.55,3598.0146779000033,0.3610289662753365,3.111170680313065e-05
102,269,ENG,ENG,steamer_shipyard,2,19941.0,13.09369,9.47064,"$2,000.00",$936.22,$898.25,$28.48,$9.49,13861.812896700008,0.6951413117045288,0.0014283725585477157
103,1034,RUS,RUS,artillery_factory,1,7507.0,0.85532,0.0,"$1,000.00",$70.43,$57.51,$3.53,$9.40,4718.0326830999975,0.6284844389369918,0.00047024896763021184
104,1733,TUR,TUR,luxury_furniture_factory,2,3541.0,0.93744,0.26184,"$2,000.00",$82.53,$45.07,$28.09,$9.36,13672.75207645,3.8612685897910195,0.007934113538548433
105,546,PRU,PRU,liquor_distillery,1,8900.0,10.12985,2.9458,"$1,000.00",$79.87,$43.51,$27.27,$9.09,13269.757229899998,1.49098395841573,0.0030636656685393256
106,425,FRA,FRA,ammunition_factory,3,21883.0,7.42657,1.75308,"$3,000.00",$139.79,$103.57,$27.17,$9.06,13222.539366249994,0.6042379640017362,0.0012415848576520585
107,567,HES,HES,regular_clothes_factory,4,19113.0,79.11533,78.18338,"$3,168.27",$473.25,$437.21,$27.03,$9.01,13156.162568650007,0.688335822144614,0.0014143886752472138
108,407,FRA,FRA,liquor_distillery,2,14111.0,12.5946,0.66571,"$2,000.00",$98.46,$62.51,$26.96,$8.99,13122.779234299998,0.9299680557224859,0.0019108932655375241
109,771,AUS,AUS,luxury_furniture_factory,1,7156.0,1.20099,0.13181,"$1,000.00",$106.80,$70.90,$26.92,$8.97,13102.829436600005,1.83102703138625,0.0037623843110676353
110,771,AUS,AUS,winery,2,19996.0,9.79675,3.60562,"$2,000.00",$110.60,$74.73,$26.90,$8.97,13091.946717050003,0.6547282815088019,0.0013453320854170834
111,477,SPA,SPA,winery,2,17634.0,9.49405,4.74503,"$2,000.00",$103.90,$68.64,$26.45,$8.82,12872.788540649999,0.7299982159833276,0.0014999963343540887
112,546,PRU,PRU,canned_food_factory,2,8857.0,3.77985,0.0,"$2,000.00",$55.71,$46.92,$0.00,$8.79,3206.693418299999,0.3620518706446877,0.0
113,425,FRA,FRA,artillery_factory,1,5277.0,0.80801,0.35446,"$1,000.00",$55.60,$46.83,$0.10,$8.68,3203.0287160999997,0.6069791010233087,1.849951108584423e-05
114,2322,CHL,CHL,liquor_distillery,2,17585.0,12.39926,10.11642,"$1,951.13",$96.83,$63.19,$25.23,$8.41,12278.972927800005,0.698264027739551,0.0014347890986636338
115,284,ENG,ENG,furniture_factory,1,9971.0,20.27197,7.96948,"$1,000.00",$101.72,$68.43,$24.97,$8.32,12151.621704900002,1.2186963900210612,0.0025041706639253834
116,375,NET,NET,winery,4,16069.0,8.07965,3.3768,"$4,000.00",$92.81,$60.04,$24.58,$8.19,11961.146243199999,0.7443615808824444,0.0015295100970813367
117,862,TUR,TUR,machine_parts_factory,1,803.0,0.44077,0.4014,"$1,000.00",$32.34,$15.93,$8.32,$8.08,5988.6488342,7.457844127272727,0.010364727247820674
118,889,TUR,TUR,machine_parts_factory,1,1277.0,0.43951,0.40027,"$1,000.00",$32.29,$15.94,$8.28,$8.07,5968.5987856,4.673922306656226,0.006483629146436961
119,273,ENG,ENG,cement_factory,1,9975.0,3.46954,1.39108,"$1,000.00",$50.73,$42.40,$0.31,$8.02,3040.1777647500016,0.3047797257894739,3.110263458646617e-05
120,513,SPA,SPA,glass_factory,1,9969.0,30.47058,0.0,"$1,000.00",$95.99,$64.37,$23.72,$7.91,11541.431881800001,1.1577321578693953,0.0023789016952552914
121,296,ENG,ENG,fertilizer_factory,1,9940.0,6.36288,4.21878,"$1,000.00",$64.01,$55.81,$0.31,$7.88,2990.5316145000024,0.3008583113179077,3.1193085513078475e-05
122,589,WUR,WUR,glass_factory,1,9724.0,28.96436,28.40042,"$1,000.00",$91.18,$59.97,$23.40,$7.80,11390.343628499999,1.1713640095125462,0.0024069123477992596
123,687,PRU,PRU,fabric_factory,1,4807.0,44.50836,22.29358,"$1,000.00",$90.70,$59.86,$23.13,$7.71,11257.823943549998,2.3419646231641353,0.004812256074474724
124,595,BAV,BAV,small_arms_factory,2,19996.0,6.34229,6.32141,"$1,153.22",$225.13,$194.52,$22.96,$7.65,11171.530764000006,0.5586882758551713,0.0011479896079215843
125,561,WEI,WEI,glass_factory,1,9726.0,29.03522,28.87927,"$1,000.00",$91.44,$61.38,$22.55,$7.52,10973.180084200003,1.128231552971417,0.002318284012954966
126,254,ENG,ENG,winery,1,9950.0,6.20306,4.47891,"$1,000.00",$70.54,$40.63,$22.43,$7.48,10916.159974000002,1.0971015049246233,0.0022543181608040202
127,266,ENG,ENG,glass_factory,1,9957.0,27.35925,7.96783,"$1,000.00",$86.09,$57.18,$21.69,$7.23,10554.657593799997,1.0600238619865419,0.0021781312232600184
128,448,FRA,FRA,artillery_factory,1,6512.0,1.12833,0.49496,"$1,000.00",$77.68,$70.46,$0.00,$7.22,2635.7460008000016,0.40475215000000025,0.0
129,625,AUS,AUS,cement_factory,1,9970.0,3.50623,0.0,"$1,000.00",$58.45,$51.28,$0.00,$7.16,2615.1612856000006,0.2623030376730191,0.0
130,492,SPA,SPA,winery,2,14898.0,8.03659,4.0166,"$2,000.00",$87.93,$59.40,$21.39,$7.13,10411.555941999994,0.6988559499261642,0.0014360053758893812
131,163,USA,USA,explosives_factory,2,9810.0,4.66928,1.3942,"$2,000.00",$89.05,$71.89,$10.03,$7.13,6263.256529449998,0.638456323083588,0.0010225721824668706
132,589,WUR,WUR,winery,1,8356.0,6.52094,5.33887,"$1,000.00",$73.01,$44.55,$21.34,$7.11,10385.513155500003,1.24288094249641,0.002553864949736716
133,631,AUS,AUS,glass_factory,1,9128.0,30.13879,12.9834,"$1,000.00",$94.91,$66.91,$21.00,$7.00,10220.724032249995,1.1197112217627077,0.0023007764822524104
134,229,USA,USA,cement_factory,1,6550.0,2.08347,0.0,"$1,000.00",$34.73,$27.59,$0.19,$6.95,2606.2724296500005,0.3979041877328245,2.9535928244274808e-05
135,178,USA,USA,liquor_distillery,1,9013.0,7.75864,4.17529,"$1,000.00",$61.28,$33.51,$20.83,$6.94,10135.511322050002,1.124543583939865,0.002310705994674359
136,211,CSA,CSA,cement_factory,1,8400.0,1.70398,0.47348,"$1,000.00",$25.81,$18.82,$0.11,$6.89,2552.839050350001,0.3039094107559525,1.2872344047619048e-05
137,862,TUR,TUR,fabric_factory,2,2315.0,35.5545,14.37241,"$2,000.00",$72.20,$45.16,$20.28,$6.76,9871.686095449995,4.264227255053994,0.008762110799136068
138,254,ENG,ENG,cement_factory,1,9193.0,3.71301,1.48871,"$1,000.00",$54.31,$47.56,$0.00,$6.75,2463.78341575,0.26800646315131077,0.0
139,828,TUR,TUR,small_arms_factory,2,6784.0,3.21204,0.80801,"$2,000.00",$109.79,$83.22,$19.93,$6.64,9700.414123250002,1.4298959497715216,0.0029381423629127354
140,132,CSA,CSA,glass_factory,1,6485.0,13.26392,3.86853,"$1,000.00",$41.71,$22.03,$13.11,$6.56,7180.7467656499975,1.1072855459753272,0.002021875432536623
141,266,ENG,ENG,winery,1,9987.0,5.69455,4.11176,"$1,000.00",$64.69,$38.68,$19.51,$6.50,9493.196870749998,0.9505554091068387,0.0019531960458596177
142,392,BEL,BEL,winery,1,9998.0,6.32944,2.14737,"$1,000.00",$70.64,$44.91,$19.31,$6.42,9392.423097300003,0.9394301957691541,0.0019316409061812363
143,531,HAN,HAN,fertilizer_factory,1,9460.0,5.28574,5.25027,"$1,000.00",$51.10,$44.73,$0.00,$6.37,2326.3180574499993,0.2459109997304439,0.0
144,260,ENG,ENG,liquor_distillery,1,4363.0,8.14804,1.52405,"$1,000.00",$63.34,$37.95,$19.04,$6.35,9265.7179244,2.123703397753839,0.004363774104973643
145,926,TUR,TUR,fertilizer_factory,2,3694.0,3.94925,1.5733,"$2,000.00",$40.91,$34.41,$0.16,$6.34,2372.1101398500005,0.6421521764618301,4.370168381158636e-05
146,589,WUR,WUR,furniture_factory,1,7684.0,17.83557,16.82919,"$1,000.00",$87.72,$62.40,$18.99,$6.33,9242.2482273,1.2027912841358668,0.0024714889406559086
147,864,TUR,TUR,steamer_shipyard,1,4263.0,3.38864,0.0,"$1,000.00",$242.61,$217.30,$18.98,$6.33,9237.358245650004,2.166867991003989,0.00445246847525217
148,633,AUS,AUS,small_arms_factory,3,22590.0,8.40143,6.74515,"$3,000.00",$297.38,$272.46,$18.69,$6.23,9094.924927100006,0.40260845184152305,0.0008272776405489154
149,420,FRA,FRA,small_arms_factory,1,9581.0,3.26477,2.6611,"$1,000.00",$115.72,$90.88,$18.63,$6.21,9066.531828950001,0.9463032907786245,0.001944458816407473
150,885,TUR,TUR,paper_mill,2,5032.0,22.55615,0.01999,"$2,000.00",$77.53,$52.90,$18.47,$6.16,8987.891082449998,1.7861468764805242,0.0036701648151828297
151,458,FRA,FRA,paper_mill,1,7938.0,21.35468,14.02576,"$1,000.00",$63.04,$56.82,$0.18,$6.04,2269.910581499998,0.28595497373393775,2.3133054925673974e-05
152,647,ROM,ROM,furniture_factory,2,18034.0,28.8457,27.8765,"$2,000.00",$141.83,$117.82,$18.01,$6.00,8764.288479900006,0.48598694021847655,0.0009986033020960407
153,676,RUS,RUS,luxury_clothes_factory,1,6868.0,0.27396,0.05859,"$1,000.00",$28.46,$22.64,$0.00,$5.82,2125.160370699999,0.3094292910163074,0.0
154,2483,AST,AST,liquor_distillery,1,9995.0,6.17004,3.60397,"$1,000.00",$48.04,$24.77,$17.46,$5.82,8496.163633600001,0.8500413840520261,0.0017466603781890945
155,612,AUS,AUS,fabric_factory,1,8645.0,50.08392,0.0,"$1,000.00",$102.18,$78.95,$17.43,$5.81,8481.059261999997,0.981036351879699,0.0020158281214574902
156,569,BAD,BAD,regular_clothes_factory,1,9199.0,24.12302,23.69604,"$1,000.00",$144.31,$121.20,$17.33,$5.78,8434.821624099994,0.9169281035003798,0.0018840988433525385
157,322,SWE,SWE,regular_clothes_factory,9,37135.0,79.3233,74.41644,$671.88,$474.23,$451.19,$17.28,$5.76,8409.402618949991,0.22645489750774178,0.00046531828248283296
158,824,TUR,TUR,fabric_factory,1,2682.0,29.8819,12.07935,"$1,000.00",$60.67,$37.99,$17.01,$5.67,8279.066159599997,3.0869001340790443,0.006342945484712902
159,623,AUS,AUS,furniture_factory,1,9986.0,17.37378,0.08908,"$1,000.00",$88.57,$66.27,$16.72,$5.57,8139.484403549997,0.8150895657470456,0.0016748415742038854
160,498,SPA,SPA,liquor_distillery,1,9554.0,7.23541,2.81421,"$1,000.00",$56.32,$34.90,$16.06,$5.35,7817.592009499997,0.8182532980427043,0.001681342393761775
161,2403,BRZ,BRZ,fabric_factory,1,5624.0,16.57288,0.0,"$1,000.00",$33.81,$28.57,$0.00,$5.24,1913.9887994500011,0.3403251777115934,0.0
162,492,SPA,SPA,liquor_distillery,1,9025.0,6.9754,2.71307,"$1,000.00",$54.33,$33.80,$15.40,$5.13,7493.4606945000005,0.8303003539612189,0.001706096617174515
163,633,AUS,AUS,liquor_distillery,1,9992.0,7.61002,0.40643,"$1,000.00",$59.30,$38.90,$15.29,$5.10,7443.5137952,0.7449473373899119,0.0015307137069655724
164,313,SWE,SWE,furniture_factory,1,9313.0,13.52527,8.44919,"$1,000.00",$67.50,$47.39,$15.08,$5.03,7339.476319499999,0.7880893717921184,0.0016193592644690217
165,375,NET,NET,luxury_furniture_factory,1,4066.0,0.56897,0.18921,"$1,000.00",$51.09,$31.10,$14.99,$5.00,7297.192993049998,1.7946859304107226,0.0036877108165272996
166,862,TUR,TUR,lumber_mill,2,2116.0,74.41391,0.0,"$2,000.00",$78.13,$58.15,$14.99,$5.00,7293.80676395,3.446978621904537,0.007082832783553875
167,771,AUS,AUS,furniture_factory,1,9523.0,16.797,0.08612,"$1,000.00",$85.64,$66.07,$14.68,$4.89,7144.044037349998,0.7501883899348942,0.0015414829927543842
168,474,SPA,SPA,winery,1,9221.0,5.159,2.5784,"$1,000.00",$56.39,$36.93,$14.59,$4.86,7102.0837432,0.7702075418284351,0.0015826182355492895
169,834,GRE,GRE,winery,1,8653.0,4.88086,4.84558,"$1,000.00",$54.58,$35.22,$14.53,$4.84,7069.313046749999,0.8169782788339303,0.0016787224916214032
170,794,AUS,AUS,cement_factory,1,9946.0,3.04276,0.0,"$1,000.00",$50.72,$45.89,$0.00,$4.83,1762.5218221499988,0.1772091114166498,0.0
171,428,FRA,FRA,furniture_factory,2,9984.0,18.28271,6.19766,"$1,136.39",$92.30,$73.06,$14.43,$4.81,7024.490053950003,0.7035747249549282,0.0014457014893830126
172,436,FRA,FRA,canned_food_factory,1,8666.0,2.59714,0.0,"$1,000.00",$38.28,$33.32,$0.18,$4.77,1809.182739599999,0.2087679136395106,2.118325294253404e-05
173,151,USA,USA,luxury_clothes_factory,1,3066.0,0.43991,0.17355,"$1,000.00",$42.85,$23.94,$14.18,$4.73,6903.131557999998,2.2515106190476186,0.004626391686236139
174,783,TUR,TUR,glass_factory,1,2692.0,14.61606,0.00046,"$1,000.00",$46.03,$29.40,$11.91,$4.72,6070.2191145000015,2.254910518016345,0.004422741872213968
175,828,TUR,TUR,artillery_factory,1,2290.0,0.64981,0.06525,"$1,000.00",$48.14,$31.77,$11.66,$4.71,5974.3798819,2.608899511746725,0.005092990659388646
176,749,ITA,ITA,liquor_distillery,2,19154.0,12.32178,2.81461,"$2,000.00",$96.50,$67.66,$24.23,$4.61,10525.763244800004,0.5495334261668583,0.001264965881278062
177,926,TUR,TUR,luxury_clothes_factory,1,1643.0,0.35001,0.09756,"$1,000.00",$36.38,$18.00,$13.79,$4.60,6708.7240608,4.083216105173463,0.008390170079123554
178,754,ITA,ITA,furniture_factory,2,19422.0,28.72852,5.9863,"$2,000.00",$147.19,$119.59,$23.03,$4.57,10075.272065149999,0.5187556412908042,0.0011857474405313562
179,461,FRA,FRA,regular_clothes_factory,2,19965.0,45.40649,14.19232,"$2,000.00",$272.66,$254.39,$13.70,$4.57,6669.693296800011,0.3340692860906592,0.0006864437385424493
180,702,AUS,AUS,steel_factory,1,8691.0,28.29163,14.41174,"$1,000.00",$193.62,$175.75,$13.40,$4.47,6522.269742050002,0.750462517782764,0.0015420462697042917
181,889,TUR,TUR,furniture_factory,2,3659.0,10.6106,1.56662,"$2,000.00",$53.58,$36.08,$13.12,$4.37,6384.6484375,1.7449162168625307,0.003585444282590872
182,798,TUR,TUR,machine_parts_factory,1,725.0,0.23755,0.21634,"$1,000.00",$17.43,$8.60,$4.47,$4.36,3224.0478506499994,4.446962552620689,0.0061722012275862055
183,589,WUR,WUR,regular_clothes_factory,1,8213.0,27.3674,26.15555,"$1,000.00",$163.54,$146.12,$13.07,$4.36,6358.950959250007,0.7742543478935842,0.001590933591866553
184,720,ITA,ITA,furniture_factory,1,9923.0,16.94971,3.53189,"$1,000.00",$86.85,$66.21,$16.30,$4.34,7533.048401049999,0.7591502973949409,0.0016425126121132722
185,641,AUS,AUS,paper_mill,1,8732.0,25.38724,0.09995,"$1,000.00",$87.25,$69.98,$12.95,$4.32,6301.195677000002,0.7216211265460378,0.0014827831367384334
186,266,ENG,ENG,lumber_mill,1,5215.0,69.13858,3.22824,"$1,000.00",$70.75,$66.49,$0.00,$4.26,1553.2661431999986,0.2978458567976987,0.0
187,2264,VNZ,VNZ,winery,1,8971.0,4.3656,4.26208,"$1,000.00",$49.22,$32.54,$12.51,$4.17,6088.921356800001,0.6787338487125183,0.0013946585932449003
188,2416,BRZ,BRZ,luxury_furniture_factory,1,4574.0,0.56833,0.1333,"$1,000.00",$50.19,$33.61,$12.43,$4.14,6051.672822099999,1.3230592090292959,0.0027186148119807607
189,794,AUS,AUS,liquor_distillery,1,9974.0,6.33224,0.3382,"$1,000.00",$49.39,$32.87,$12.39,$4.13,6028.592988800003,0.6044308190094247,0.0012419811349508724
190,143,CSA,CSA,glass_factory,1,5502.0,8.71887,2.54294,"$1,000.00",$27.37,$15.49,$7.76,$4.12,4336.435698749999,0.7881562520447107,0.0014096575190839693
191,592,BAV,BAV,regular_clothes_factory,1,9814.0,23.03055,21.84979,"$1,000.00",$136.82,$120.42,$12.30,$4.10,5986.610411400007,0.610007174587325,0.0012534393998369674
192,580,PRU,PRU,ammunition_factory,1,9317.0,3.94635,0.16766,"$1,000.00",$74.22,$60.04,$10.12,$4.06,5176.766665050002,0.5556259166094238,0.0010866298432971988
193,849,TUR,TUR,glass_factory,2,2894.0,12.40408,0.0004,"$2,000.00",$39.07,$24.95,$10.11,$4.01,5153.564297600001,1.7807755002073258,0.00349287601243953
194,563,MEI,MEI,glass_factory,1,0,18.13489,18.13379,"$1,000.00",$57.18,$41.19,$11.99,$4.00,5834.631043449997,0,0
195,484,SPA,SPA,ammunition_factory,1,7944.0,3.18359,1.54886,"$1,000.00",$66.16,$50.56,$11.70,$3.90,5693.400728400004,0.7166919345921454,0.0014726546601208461
196,633,AUS,AUS,steel_factory,1,8781.0,25.50934,12.99445,"$1,000.00",$174.57,$159.10,$11.61,$3.87,5648.733670899989,0.64329047613028,0.0013218297460425917
197,592,BAV,BAV,ammunition_factory,2,17538.0,6.34619,6.34619,$593.92,$119.50,$104.21,$11.47,$3.82,5580.518948649996,0.31819585748945123,0.0006538271045729273
198,682,PRU,PRU,explosives_factory,6,55409.0,24.62665,21.09741,"$6,000.00",$431.86,$428.07,$0.00,$3.79,1383.5870383000083,0.024970438706708446,0.0
199,572,PRU,PRU,fabric_factory,1,2851.0,24.97742,12.51083,"$1,000.00",$50.88,$35.74,$11.35,$3.78,5525.113981699999,1.9379565000701506,0.00398210239915819
200,603,SWI,SWI,winery,1,9938.0,3.97211,3.95212,"$1,000.00",$44.39,$29.43,$11.22,$3.74,5462.5912483,0.5496670606057557,0.001129452863755283
201,521,POR,POR,regular_clothes_factory,1,7652.0,12.14365,8.44846,$549.10,$78.51,$74.54,$0.35,$3.62,1449.6296674500002,0.18944454619053844,4.5528102456874014e-05
202,2146,MEX,MEX,liquor_distillery,1,2897.0,5.57098,5.24405,"$1,000.00",$43.42,$28.94,$10.85,$3.62,5282.218778550001,1.8233409660165691,0.0037465910286503283
203,849,TUR,TUR,luxury_furniture_factory,1,1427.0,0.36447,0.10181,"$1,000.00",$32.06,$17.60,$10.84,$3.61,5277.083739549999,3.6980264467764536,0.007598684477925718
204,2101,TUR,TUR,glass_factory,1,2403.0,10.38559,0.00034,"$1,000.00",$32.71,$19.87,$9.25,$3.59,4685.55160685,1.9498758247399084,0.0038475770037453188
205,876,TUR,TUR,fabric_factory,1,1730.0,19.70673,7.96619,"$1,000.00",$39.34,$25.03,$10.74,$3.58,5225.287779449998,3.0203975603757214,0.006206296358381503
206,654,ROM,ROM,winery,1,9349.0,4.20667,4.03259,"$1,000.00",$47.23,$32.97,$10.69,$3.56,5204.1238421,0.5566503200449245,0.0011438020269547546
207,100,USA,USA,liquor_distillery,1,6002.0,4.00375,2.15463,"$1,000.00",$31.55,$17.31,$10.68,$3.56,5197.56302185,0.8659718463595468,0.0017793942035988005
208,461,FRA,FRA,small_arms_factory,1,9914.0,3.07391,2.50555,"$1,000.00",$108.96,$94.89,$10.56,$3.52,5136.7779549000015,0.5181337457030464,0.0010646583810772644
209,901,TUR,TUR,luxury_furniture_factory,1,1246.0,0.35562,0.09933,"$1,000.00",$31.30,$17.35,$10.46,$3.49,5088.5687257,4.083923535874799,0.008391623699839488
210,2162,MEX,MEX,liquor_distillery,1,9854.0,5.26108,4.95233,"$1,000.00",$41.00,$27.26,$10.31,$3.44,5017.580412250001,0.5091922480464787,0.0010462854414450985
211,710,RUS,RUS,liquor_distillery,1,9395.0,5.60593,1.21005,"$1,000.00",$43.57,$29.85,$10.29,$3.43,5006.93161025,0.5329357754390633,0.0010950735114422566
212,1645,JAP,JAP,glass_factory,1,9998.0,22.37421,18.32928,"$1,000.00",$70.46,$56.93,$10.15,$3.38,4938.5609454,0.49395488551710337,0.0010149757921584317
213,828,TUR,TUR,explosives_factory,1,2816.0,1.85193,0.0,"$1,000.00",$39.48,$26.06,$10.07,$3.36,4898.906403700002,1.739668467223012,0.003574661232244318
214,562,COB,COB,furniture_factory,1,6186.0,9.97586,9.82336,"$1,000.00",$47.38,$41.20,$3.00,$3.17,2254.8953246500005,0.3645158947057873,0.00048556545263498226
215,178,USA,USA,ammunition_factory,2,10621.0,3.57288,0.75671,"$2,000.00",$67.15,$54.49,$9.49,$3.16,4619.375303750002,0.43492847224837605,0.0008936886423123999
216,220,USA,USA,steamer_shipyard,1,3079.0,1.65179,0.0174,"$1,000.00",$118.31,$105.70,$9.46,$3.15,4604.025878449999,1.4952990836148097,0.003072532364404027
217,329,SWE,SWE,regular_clothes_factory,6,34963.0,71.47705,67.05557,$458.74,$427.45,$414.95,$9.38,$3.13,4563.190612849984,0.13051484749163356,0.0002681811935474645
218,2247,CLM,CLM,winery,1,7933.0,3.80002,3.73672,"$1,000.00",$42.09,$29.67,$9.32,$3.11,4536.04507375,0.5717944124227908,0.0011749200252111432
219,445,FRA,FRA,lumber_mill,1,5180.0,63.59824,9.51025,$909.72,$65.35,$62.25,$0.00,$3.10,1132.2039828000038,0.2185721974517382,0.0
220,901,TUR,TUR,small_arms_factory,2,3161.0,1.68762,0.42456,"$2,000.00",$57.69,$45.53,$9.12,$3.04,4439.793701399997,1.4045535278076549,0.002886068892755457
221,2447,BRZ,BRZ,winery,1,7750.0,3.54721,1.04974,"$1,000.00",$39.87,$27.80,$9.06,$3.02,4406.900481750001,0.5686323202258066,0.001168422575483871
222,1052,RUS,RUS,lumber_mill,1,4661.0,43.228,0.0,"$1,000.00",$45.38,$42.40,$0.00,$2.99,1089.8092656500023,0.2338144745011805,0.0
223,2151,MEX,MEX,winery,1,5800.0,3.2681,2.31464,"$1,000.00",$37.23,$25.35,$8.91,$2.97,4335.299530399999,0.7474654362758618,0.0015358878827586204
224,203,ENG,ENG,luxury_furniture_factory,1,1896.0,0.34161,0.15039,"$1,000.00",$30.31,$18.48,$8.87,$2.96,4317.143098149999,2.2769742078850204,0.004678714124472573
225,232,USA,USA,clipper_shipyard,1,4009.0,6.44257,5.80811,"$1,000.00",$284.41,$272.77,$8.73,$2.91,4247.836759449972,1.059575145784478,0.0021772092042903466
226,2491,AST,AST,furniture_factory,1,4337.0,4.32037,1.59525,"$1,000.00",$21.70,$13.99,$4.82,$2.89,2814.4476319499995,0.648938812992852,0.0011116522158173853
227,1649,JAP,JAP,regular_clothes_factory,1,9998.0,25.41595,20.06644,"$1,000.00",$151.74,$140.26,$8.61,$2.87,4190.916900150002,0.4191755251200242,0.0008613195719143829
228,965,RUS,RUS,winery,1,8347.0,3.5285,1.31686,"$1,000.00",$39.44,$27.97,$8.60,$2.87,4185.280606650001,0.5014113581706003,0.0010302973116089612
229,571,BAV,BAV,furniture_factory,1,5338.0,10.71277,10.23416,"$1,000.00",$52.58,$41.37,$8.40,$2.80,4090.1988220499998,0.766241817544024,0.001574469488572499
230,415,FRA,FRA,steamer_shipyard,1,5232.0,2.94672,1.89612,"$1,000.00",$210.72,$199.55,$8.38,$2.79,4078.770292449995,0.7795814779147544,0.001601879749617737
231,349,RUS,RUS,fabric_factory,1,5268.0,24.49402,0.0,"$1,000.00",$49.97,$39.23,$8.06,$2.69,3920.497433899999,0.7442098393887622,0.0015291983010630222
232,455,FRA,FRA,canned_food_factory,1,5581.0,1.6738,0.0,"$1,000.00",$24.67,$21.99,$0.00,$2.68,978.8768012500002,0.17539451733560296,0.0
233,753,FRA,FRA,regular_clothes_factory,2,15466.0,41.32324,12.91605,"$2,000.00",$248.14,$237.74,$7.80,$2.60,3795.6190495000033,0.24541698238070628,0.0005042814703219966
234,726,AUS,AUS,cement_factory,1,8111.0,2.56924,0.0,"$1,000.00",$42.83,$40.27,$0.00,$2.56,934.4102491999981,0.11520284172111923,0.0
235,923,TUR,TUR,ammunition_factory,2,3563.0,2.13913,0.0,"$2,000.00",$40.28,$30.23,$7.53,$2.51,3665.4608160000002,1.028756894751614,0.0021138840303115353
236,1660,JAP,JAP,fabric_factory,1,4928.0,25.40213,9.12427,"$1,000.00",$51.44,$41.44,$7.50,$2.50,3651.6708386000005,0.7410046344561689,0.0015226122625811688
237,467,FRA,FRA,regular_clothes_factory,3,9348.0,19.48563,6.09045,"$3,000.00",$116.91,$106.93,$7.49,$2.50,3645.0209036000024,0.3899252143346173,0.0008012161938382541
238,977,RUS,RUS,furniture_factory,1,7996.0,12.48962,7.31204,"$1,000.00",$62.08,$52.24,$7.37,$2.46,3588.9475997500012,0.4488428714044524,0.0009222798736868434
239,260,ENG,ENG,cement_factory,1,7583.0,3.38998,1.35919,"$1,000.00",$49.56,$47.13,$0.00,$2.44,889.2753602500011,0.11727223529605711,0.0
240,409,FRA,FRA,cement_factory,2,10751.0,3.58908,0.0,"$2,000.00",$59.82,$57.39,$0.00,$2.43,887.71591235,0.08257054342386755,0.0
241,201,CSA,CSA,winery,1,9945.0,4.24414,1.09201,"$1,000.00",$51.11,$29.46,$19.26,$2.40,7902.403716100001,0.7946107306284566,0.001936156214177979
242,173,USA,USA,lumber_mill,1,2579.0,37.19638,4.91519,$998.92,$35.82,$33.35,$0.08,$2.39,900.1803593999998,0.34904240379992235,2.938968204730516e-05
243,2224,ENG,ENG,winery,1,3584.0,1.91437,1.38226,"$1,000.00",$21.74,$12.29,$7.09,$2.36,3449.1876215,0.9623849390345983,0.00197750330078125
244,944,RUS,RUS,furniture_factory,1,9407.0,12.26404,7.17999,"$1,000.00",$60.98,$51.71,$6.96,$2.32,3385.0497412,0.35984370587860104,0.000739404876156054
245,676,RUS,RUS,fabric_factory,1,3798.0,19.08051,0.0,"$1,000.00",$38.93,$30.56,$6.28,$2.09,3053.9788819499986,0.8041018646524483,0.0016522580779357555
246,664,WAL,WAL,glass_factory,1,2944.0,8.69019,8.68649,"$1,000.00",$27.32,$19.00,$6.24,$2.08,3037.23709115,1.0316702075917121,0.002119870288722826
247,273,ENG,ENG,small_arms_factory,1,3483.0,1.12744,0.69177,$280.42,$39.65,$37.11,$0.54,$2.00,926.6241458500016,0.26604195976170014,0.00015413873959230548
248,1009,RUS,RUS,glass_factory,1,7542.0,17.32983,2.35452,"$1,000.00",$53.90,$45.91,$6.00,$2.00,2918.4516919,0.386959916719703,0.0007951231158843809
249,155,USA,USA,furniture_factory,1,2953.0,5.52942,3.33847,"$1,000.00",$27.81,$20.00,$5.86,$1.95,2852.0526110500005,0.9658153102099561,0.001984552008127328
250,198,CSA,CSA,glass_factory,1,1350.0,4.599,1.34134,"$1,000.00",$14.45,$9.68,$2.86,$1.91,1741.99279865,1.290365036037037,0.002116767037037037
251,603,SWI,SWI,ammunition_factory,2,14699.0,3.57568,3.57568,"$2,000.00",$67.32,$59.73,$5.69,$1.90,2767.853546000004,0.1883021665419419,0.00038692226001768825
252,113,USA,USA,explosives_factory,1,2838.0,0.93591,0.27945,"$1,000.00",$17.82,$15.38,$0.55,$1.89,890.1664748999996,0.3136597867864692,0.0001926139852008457
253,354,RUS,RUS,furniture_factory,1,7665.0,9.51672,5.57156,"$1,000.00",$47.37,$39.81,$5.67,$1.89,2758.964690049999,0.35994320809523794,0.0007396093320287019
254,Rovne,RUS,RUS,fabric_factory,1,3669.0,17.03705,0.0,"$1,000.00",$34.75,$27.28,$5.60,$1.87,2726.5838610500005,0.7431408724584356,0.0015270017934041972
255,619,AUS,AUS,fabric_factory,1,1564.0,9.04587,0.0,$356.75,$18.45,$13.88,$2.71,$1.87,1670.3472880999998,1.0679969872762147,0.0017320384143222508
256,163,USA,USA,ammunition_factory,1,5683.0,1.9054,0.40356,"$1,000.00",$35.81,$28.38,$5.58,$1.86,2714.498141650001,0.47765232124758067,0.0009814773711068097
257,979,RUS,RUS,glass_factory,1,4043.0,15.24353,2.07108,"$1,000.00",$47.39,$39.99,$5.55,$1.85,2702.3567195999985,0.6684038386346769,0.0013734325451397477
258,930,TUR,TUR,steamer_shipyard,2,1318.0,0.9765,0.0,"$2,000.00",$69.90,$62.57,$5.50,$1.83,2677.3944097500016,2.0314069876707146,0.004174123945371776
259,273,ENG,ENG,steamer_shipyard,1,9996.0,6.49722,4.69943,"$1,000.00",$464.48,$457.20,$5.46,$1.82,2658.268891550021,0.2659332624599861,0.0005464359203681472
260,94,CSA,CSA,canned_food_factory,1,8257.0,1.40451,0.0,"$1,000.00",$20.70,$18.79,$0.11,$1.81,698.5659773499993,0.08460287965968262,1.2847382826692502e-05
261,403,FRA,FRA,glass_factory,1,2291.0,8.521,0.77649,"$1,000.00",$26.84,$19.76,$5.31,$1.77,2585.3981015500003,1.1285020085333917,0.002318839742470537
262,2313,BOL,BOL,winery,1,2346.0,1.04099,0.0,$460.37,$22.43,$10.09,$10.59,$1.75,4504.9340833999995,1.9202617576300083,0.004513694198635976
263,1649,JAP,JAP,small_arms_factory,1,9998.0,2.67322,2.46054,"$1,000.00",$94.54,$87.65,$5.17,$1.72,2514.9555945000025,0.25154586862372497,0.0005168750730146029
264,2312,BRZ,BRZ,winery,1,5230.0,2.03967,0.60361,"$1,000.00",$22.78,$16.01,$5.08,$1.69,2471.3801570999985,0.4725392269789672,0.0009709710152963672
265,383,NET,NET,paper_mill,1,1810.0,2.99985,0.01456,$493.17,$10.27,$8.59,$0.00,$1.67,611.2925720500003,0.3377307027900554,0.0
266,146,USA,USA,regular_clothes_factory,1,4019.0,9.17291,6.13983,"$1,000.00",$55.34,$48.74,$4.95,$1.65,2409.5368930999994,0.5995364252550384,0.0012319241627270466
267,736,AUS,AUS,explosives_factory,1,7674.0,3.33902,0.38681,"$1,000.00",$69.37,$62.86,$4.89,$1.63,2378.771211000002,0.30997800508209566,0.0006369411063330727
268,2468,AST,AST,cement_factory,1,9996.0,0.72549,0.4877,"$1,000.00",$9.55,$7.29,$0.63,$1.62,821.9628887999999,0.08222918055222088,6.305095238095238e-05
269,943,RUS,RUS,glass_factory,1,5064.0,12.95123,1.75961,"$1,000.00",$40.26,$33.98,$4.72,$1.57,2294.8394792500026,0.4531673537223544,0.0009311657938388624
270,1638,JAP,JAP,regular_clothes_factory,1,9566.0,16.86768,13.31738,$950.34,$103.38,$97.11,$4.70,$1.57,2285.583035450007,0.2389277687068793,0.0004909474702069831
271,625,AUS,AUS,ammunition_factory,1,9971.0,3.18298,0.93768,"$1,000.00",$59.87,$53.66,$4.66,$1.55,2267.50457815,0.2274099466603149,0.0004672807120649885
272,465,FRA,FRA,regular_clothes_factory,2,18878.0,36.35925,11.3645,"$2,000.00",$218.28,$212.07,$4.66,$1.55,2266.8808004499933,0.12008055940512731,0.00024674087509270046
273,246,USA,USA,liquor_distillery,1,2713.0,1.95038,1.04959,"$1,000.00",$15.35,$9.15,$4.65,$1.55,2263.16039925,0.8341910797088095,0.001714091260597125
274,103,CSA,CSA,ammunition_factory,1,5045.0,1.13867,0.53659,"$1,000.00",$21.42,$15.24,$4.63,$1.54,2254.2269914000008,0.44682398243805765,0.0009181314707631319
275,409,FRA,FRA,canned_food_factory,1,5264.0,1.29559,0.0,"$1,000.00",$19.09,$17.60,$0.00,$1.50,547.1881111499994,0.10394910926101812,0.0
276,169,USA,USA,regular_clothes_factory,1,3323.0,7.34436,4.91589,"$1,000.00",$44.25,$38.29,$4.47,$1.49,2175.8758541499983,0.6547926133463733,0.001345464273247066
277,2483,AST,AST,regular_clothes_factory,1,4032.0,5.35822,2.5596,$981.15,$32.07,$30.21,$0.37,$1.49,680.0308211000006,0.1686584377728176,9.248937996031746e-05
278,2441,BRZ,BRZ,liquor_distillery,1,4032.0,2.34238,1.62442,"$1,000.00",$18.32,$12.38,$4.46,$1.49,2168.8137793999995,0.5379002429067459,0.0011052744717261905
279,415,FRA,FRA,fertilizer_factory,1,6110.0,4.82193,0.66028,"$1,000.00",$51.80,$45.88,$4.44,$1.48,2161.99676565,0.353845624492635,0.0007270800507364975
280,880,TUR,TUR,regular_clothes_factory,2,1029.0,4.3306,0.00015,"$2,000.00",$25.87,$21.62,$2.77,$1.48,1550.0804159,1.5063949620019437,0.0026904181243926142
281,120,USA,USA,lumber_mill,1,1673.0,25.34784,3.34952,$996.73,$24.40,$22.87,$0.06,$1.46,557.4024974499999,0.3331754318290496,3.8563568439928276e-05
282,710,RUS,RUS,fabric_factory,1,2849.0,13.67661,0.0,"$1,000.00",$27.90,$22.12,$4.33,$1.44,2108.3851641500005,0.7400439326605829,0.0015206382169182168
283,2137,MEX,MEX,fabric_factory,1,2309.0,11.42166,8.68967,"$1,000.00",$23.33,$17.76,$4.18,$1.39,2032.4288941000007,0.880220395885665,0.0018086720441749676
284,132,CSA,CSA,ammunition_factory,1,5300.0,0.55432,0.26123,"$1,000.00",$10.36,$8.97,$0.07,$1.32,506.8986519500003,0.09564125508490572,1.2840956603773585e-05
285,Mazowieckie,RUS,RUS,glass_factory,1,4756.0,10.71936,1.45639,"$1,000.00",$33.35,$28.12,$3.93,$1.31,1910.2684018999983,0.40165441587468426,0.0008253172939444911
286,448,FRA,FRA,machine_parts_factory,1,323.0,0.07065,0.03302,"$1,000.00",$5.19,$3.05,$0.84,$1.30,778.3763152499998,2.409833793343653,0.0025862230340557278
287,2416,BRZ,BRZ,liquor_distillery,1,3680.0,1.97885,1.37231,"$1,000.00",$15.48,$10.52,$3.72,$1.24,1809.04907295,0.4915894219972826,0.00101011525
288,509,SPA,SPA,liquor_distillery,1,2465.0,2.04803,0.7966,$627.59,$15.06,$10.24,$3.62,$1.21,1761.0069261499998,0.7144044325152129,0.0014679543164300205
289,544,MEC,MEC,ammunition_factory,1,6955.0,2.30576,2.30576,"$1,000.00",$43.42,$38.67,$3.56,$1.19,1734.7079461500014,0.24941882762760623,0.0005125044399712437
290,360,RUS,RUS,glass_factory,1,5037.0,9.5993,1.30423,"$1,000.00",$29.84,$25.18,$3.50,$1.17,1702.8395077999987,0.33806621159420264,0.0006946565991661704
291,Gibraltar,ENG,ENG,fabric_factory,1,1048.0,6.60278,2.73599,$879.58,$13.47,$8.86,$3.46,$1.15,1684.0592978500001,1.6069268109255725,0.003301904398854962
292,399,FRA,FRA,steel_factory,1,1775.0,7.21863,2.82047,"$1,000.00",$49.38,$44.83,$3.41,$1.14,1659.0190130499989,0.9346585989014078,0.0019205313690140845
293,808,TUR,TUR,ammunition_factory,1,1810.0,0.91345,0.0,"$1,000.00",$17.19,$12.71,$3.36,$1.12,1636.0060112500005,0.903870724447514,0.0018572686132596686
294,305,SWE,SWE,regular_clothes_factory,9,10597.0,19.68475,18.4671,$150.73,$117.57,$113.23,$3.25,$1.08,1582.572631950004,0.14934157138341078,0.0003068662423327357
295,84,USA,USA,furniture_factory,1,2016.0,3.12891,1.88913,"$1,000.00",$15.68,$11.50,$3.14,$1.05,1526.19857905,0.7570429459573413,0.0015555676984126984
296,744,ITA,ITA,ammunition_factory,1,8371.0,2.74573,0.30444,"$1,000.00",$50.18,$45.07,$4.12,$0.99,1865.2449036500018,0.22282223194958808,0.0004917883466730379
297,436,FRA,FRA,paper_mill,1,5714.0,17.81326,11.69977,$240.81,$52.54,$51.44,$0.12,$0.98,401.8809505000019,0.07033268297164892,2.0560537276863844e-05
298,241,USA,USA,clipper_shipyard,1,2093.0,3.03436,2.73557,$999.72,$133.93,$130.10,$2.87,$0.96,1398.1010442999964,0.6679890321548,0.0013725802006688962
299,217,USA,USA,winery,1,808.0,0.36829,0.18063,"$1,000.00",$3.77,$2.73,$0.10,$0.94,380.38284469999985,0.4707708474009899,0.00012166429455445544
300,1384,ENG,ENG,glass_factory,1,1375.0,4.10065,1.19424,$843.63,$12.79,$9.08,$2.79,$0.93,1356.586302,0.9866082196363636,0.0020272771636363636
301,555,ANH,ANH,liquor_distillery,1,0,1.36185,1.35596,"$1,000.00",$10.49,$6.86,$2.72,$0.91,1323.7376415500003,0,0
302,1108,PER,PER,winery,1,3042.0,1.29126,1.19147,$877.61,$13.74,$10.16,$2.68,$0.89,1305.57006585,0.42918148121301775,0.0008818797567389874
303,241,USA,USA,ammunition_factory,1,3086.0,1.1012,0.23325,"$1,000.00",$20.69,$17.15,$2.66,$0.89,1292.860565100001,0.4189437994491254,0.0008608434251458198
304,879,TUR,TUR,cement_factory,1,2927.0,1.44299,0.54242,"$1,000.00",$20.31,$19.44,$0.00,$0.87,317.60391415000043,0.10850834101469096,0.0
305,1660,JAP,JAP,regular_clothes_factory,1,9966.0,21.62567,17.07391,$985.54,$129.10,$125.69,$2.56,$0.85,1246.5003966999925,0.12507529567529527,0.0002570040327112181
306,117,USA,USA,ammunition_factory,1,2473.0,0.81244,0.17209,"$1,000.00",$15.26,$12.27,$2.25,$0.75,1093.6521900500002,0.44223703600889613,0.0009087062393853619
307,451,FRA,FRA,small_arms_factory,1,3215.0,1.00824,0.82184,$993.47,$35.73,$32.90,$2.13,$0.71,1035.3065495000008,0.32202381010886494,0.0006616927589424572
308,1655,JAP,JAP,regular_clothes_factory,1,9850.0,17.77679,14.03516,"$1,000.00",$106.12,$103.38,$2.06,$0.69,1001.5333549999998,0.10167851319796953,0.0002089284517766498
309,492,SPA,SPA,ammunition_factory,1,1890.0,0.59406,0.28903,$883.92,$12.32,$9.68,$1.98,$0.66,964.4741823000002,0.5103038001587302,0.0010485694497354497
310,930,TUR,TUR,explosives_factory,1,543.0,0.40128,0.0,"$1,000.00",$8.55,$6.07,$1.86,$0.62,905.7609575500001,1.6680680617863721,0.003427537108655617
311,855,TUR,TUR,steamer_shipyard,1,434.0,0.28262,0.0,"$1,000.00",$20.23,$17.92,$1.73,$0.58,843.2048047499981,1.9428682137096729,0.0039921949539170505
312,2160,MEX,MEX,glass_factory,1,2092.0,4.13162,3.89725,$843.33,$12.84,$10.54,$1.73,$0.58,842.8149409500003,0.40287521077915883,0.000827825774378585
313,Mazowieckie,RUS,RUS,furniture_factory,1,2325.0,2.91174,1.70468,"$1,000.00",$14.48,$12.18,$1.72,$0.57,837.4571205499998,0.3601966109892472,0.0007401300258064517
314,442,FRA,FRA,artillery_factory,1,3730.0,0.76608,0.33606,$812.33,$52.73,$52.17,$0.00,$0.56,205.5241379499998,0.0551003050804289,0.0
315,2165,MEX,MEX,regular_clothes_factory,1,6198.0,13.8208,12.97305,"$1,000.00",$82.68,$80.52,$1.63,$0.54,791.2640345499959,0.12766441344788576,0.00026232413843175215
316,126,USA,USA,artillery_factory,1,1115.0,0.15265,0.07086,"$1,000.00",$9.95,$9.37,$0.03,$0.54,210.30273254999986,0.18861231618834068,3.1156807174887894e-05
317,753,FRA,FRA,cement_factory,1,2849.0,0.96344,0.0,"$1,000.00",$16.05,$15.52,$0.00,$0.53,193.10424644999938,0.06777965828360806,0.0
318,2332,CHL,CHL,liquor_distillery,1,1253.0,0.82529,0.67337,$979.13,$6.33,$4.30,$1.52,$0.51,740.5151353500003,0.5909937233439747,0.0012143706703910614
319,309,SWE,SWE,regular_clothes_factory,7,10042.0,21.04614,19.74426,$143.87,$125.81,$123.80,$1.51,$0.50,733.6758419999978,0.07306072913762177,0.00015012478589922326
320,455,FRA,FRA,steel_factory,1,1029.0,2.84912,1.11322,"$1,000.00",$19.44,$17.50,$1.46,$0.49,708.1677220999993,0.6882096424684153,0.001414129407191448
321,944,RUS,RUS,steel_factory,1,9519.0,20.44006,3.3909,"$1,000.00",$131.69,$129.80,$1.42,$0.47,690.6350711999905,0.0725533219035603,0.00014908216829498898
322,2402,BRZ,BRZ,fabric_factory,1,500.0,3.5527,0.0,"$1,000.00",$7.25,$5.37,$1.41,$0.47,684.4529712999997,1.3689059425999994,0.0028128204399999997
323,2129,ENG,ENG,winery,1,725.0,0.17825,0.12872,$762.44,$1.85,$1.30,$0.09,$0.46,202.88421339999996,0.27984029434482754,0.000127574
324,2307,PEU,PEU,liquor_distillery,1,308.0,0.51041,0.00113,"$1,000.00",$3.98,$2.73,$0.82,$0.42,454.0444948,1.4741704376623377,0.0026776945454545457
325,1645,JAP,JAP,regular_clothes_factory,1,9882.0,18.70834,14.77063,"$1,000.00",$111.69,$110.06,$1.22,$0.41,593.6151147000006,0.06007034149969648,0.0001234322080550496
326,1235,ENG,ENG,glass_factory,1,813.0,1.8512,0.53912,$734.00,$5.74,$4.13,$1.21,$0.40,587.8897100999999,0.7231115745387453,0.0014858456949569496
327,1003,RUS,RUS,luxury_furniture_factory,1,476.0,0.05807,0.01242,"$1,000.00",$5.04,$3.49,$1.16,$0.39,564.2195148500001,1.1853351152310927,0.0024356200840336137
328,572,PRU,PRU,explosives_factory,1,4856.0,2.52856,2.1662,"$1,000.00",$44.34,$43.97,$0.00,$0.38,137.25372399999873,0.028264770181218847,0.0
329,994,RUS,RUS,canned_food_factory,1,4935.0,1.34787,0.0,$123.27,$19.86,$19.51,$0.00,$0.35,127.18414415000021,0.025771863049645433,0.0
330,1058,RUS,RUS,glass_factory,1,1173.0,2.94489,0.40012,"$1,000.00",$9.10,$7.72,$1.03,$0.34,500.7054122499997,0.4268588339727193,0.0008771071952259164
331,428,FRA,FRA,explosives_factory,1,9939.0,3.25479,2.21115,"$1,000.00",$59.51,$58.99,$0.18,$0.34,190.6536838999992,0.019182380913572713,1.847007445417044e-05
332,2137,MEX,MEX,regular_clothes_factory,2,3504.0,8.8147,8.27402,"$1,278.97",$52.71,$51.35,$1.02,$0.34,494.044341099997,0.14099438958333246,0.00028971450057077623
333,1020,RUS,RUS,canned_food_factory,1,5626.0,1.3432,0.0,$430.68,$19.79,$19.45,$0.00,$0.34,123.47488274999931,0.021947188544258676,0.0
334,533,ENG,ENG,cement_factory,1,505.0,0.14926,0.05984,$808.01,$2.17,$1.84,$0.00,$0.33,120.6901553999999,0.23899040673267305,0.0
335,94,CSA,CSA,cement_factory,1,457.0,0.10306,0.02866,$783.62,$1.55,$1.23,$0.01,$0.31,115.59966829999995,0.2529533223194747,1.1886105032822757e-05
336,2279,ECU,ECU,liquor_distillery,1,9846.0,5.48465,4.72476,$34.06,$43.17,$33.76,$9.11,$0.30,3434.0721137500004,0.3487783987152143,0.0009253093337395896
337,2286,PEU,PEU,regular_clothes_factory,6,0,0.20599,0.09097,$612.05,$1.35,$1.06,$0.00,$0.29,106.9001779999999,0,0
338,68,ENG,ENG,lumber_mill,1,319.0,4.43408,0.20706,"$1,000.00",$4.53,$4.23,$0.01,$0.29,109.21707024999964,0.3423732609717857,2.9111567398119126e-05
339,2126,FRA,FRA,glass_factory,1,271.0,0.51428,0.04688,"$1,000.00",$1.55,$1.28,$0.00,$0.27,99.62646530000004,0.36762533321033225,0.0
340,513,SPA,SPA,canned_food_factory,1,3477.0,0.83438,0.09662,$290.68,$11.70,$11.44,$0.00,$0.26,95.38254095000084,0.027432424777106945,0.0
341,336,RUS,RUS,fertilizer_factory,1,4582.0,2.36252,0.0,"$1,000.00",$25.80,$24.76,$0.78,$0.26,381.00662240000037,0.08315290755128772,0.00017086213880401573
342,1668,JAP,JAP,regular_clothes_factory,1,9994.0,15.31998,12.09546,$980.58,$91.43,$90.44,$0.75,$0.25,362.93930125000026,0.036315719556734065,7.462134180508305e-05
343,702,AUS,AUS,regular_clothes_factory,1,8704.0,18.86169,0.30798,$338.50,$112.69,$111.76,$0.69,$0.23,337.31979429999626,0.03875457195542237,7.963268152573529e-05
344,662,ROM,ROM,small_arms_factory,1,6576.0,1.4386,1.42532,"$1,000.00",$51.05,$50.25,$0.60,$0.20,292.028962749999,0.04440829725517016,9.124992548661801e-05
345,428,FRA,FRA,canned_food_factory,1,8757.0,2.1882,0.0,$520.55,$32.25,$31.89,$0.16,$0.19,129.7126779999998,0.01481245609226902,1.836195272353546e-05
346,965,RUS,RUS,small_arms_factory,1,1745.0,0.4397,0.0,"$1,000.00",$15.61,$14.84,$0.58,$0.19,281.2242108500002,0.16116000621776516,0.00033115069914040117
347,570,HES,HES,regular_clothes_factory,1,1237.0,3.26889,3.23041,$966.73,$19.43,$18.68,$0.56,$0.19,273.81683149999907,0.22135556305577936,0.00045484020210185937
348,767,AUS,AUS,cement_factory,1,1473.0,0.45874,0.0,"$1,000.00",$7.64,$7.47,$0.00,$0.17,63.592070249999956,0.04317180600814661,0.0
349,855,TUR,TUR,cement_factory,2,710.0,0.35294,0.13269,"$2,000.00",$4.95,$4.74,$0.03,$0.17,74.61959990000022,0.10509802802816932,4.3776126760563386e-05
350,2136,SPA,SPA,artillery_factory,1,0,0.06284,0.03735,$990.96,$3.75,$3.58,$0.00,$0.17,62.19970840000011,0,0
351,2590,RUS,RUS,artillery_factory,1,217.0,0.03839,0.0,"$1,000.00",$3.15,$2.50,$0.49,$0.16,238.62899919999998,1.0996728073732718,0.002259601658986175
352,201,CSA,CSA,explosives_factory,1,595.0,0.10168,0.02621,"$1,000.00",$1.99,$1.83,$0.01,$0.16,61.03012065,0.10257163134453781,1.2437058823529411e-05
353,1113,PER,PER,liquor_distillery,1,181.0,0.08667,0.07797,$589.80,$0.67,$0.52,$0.00,$0.15,56.140135349999966,0.31016649364640864,0.0
354,2447,BRZ,BRZ,paper_mill,1,266.0,0.41129,0.00381,"$1,000.00",$1.40,$1.25,$0.00,$0.15,54.692078150000086,0.20560931635338378,0.0
355,484,SPA,SPA,cement_factory,1,2739.0,0.83978,0.27829,$999.43,$12.39,$12.24,$0.00,$0.15,53.03237935000048,0.0193619493793357,0.0
356,340,RUS,RUS,fertilizer_factory,1,2509.0,1.29303,0.0,$897.97,$14.12,$13.55,$0.43,$0.14,207.80761444999976,0.08282487622558779,0.0001701881028298127
357,981,RUS,RUS,small_arms_factory,1,2967.0,0.6192,0.0,"$1,000.00",$21.98,$21.41,$0.43,$0.14,207.13928119999917,0.06981438530502163,0.00014345421638018203
358,1072,RUS,RUS,glass_factory,1,645.0,1.23596,0.16794,"$1,000.00",$3.81,$3.24,$0.42,$0.14,205.34591575000002,0.31836576085271323,0.0006541762170542636
359,106,USA,USA,fertilizer_factory,1,398.0,0.1965,0.07547,"$1,000.00",$2.01,$1.87,$0.01,$0.13,51.67342960000011,0.1298327376884425,2.811281407035176e-05
360,2162,MEX,MEX,fabric_factory,1,9338.0,42.64331,32.44318,$78.17,$87.00,$78.04,$8.84,$0.13,3272.613524250002,0.35046193234632705,0.0009462418248018848
361,217,USA,USA,cement_factory,1,222.0,0.06268,0.0,"$1,000.00",$1.04,$0.92,$0.00,$0.13,45.68069169999998,0.20576888153153144,0.0
362,1117,PER,PER,steel_factory,1,384.0,1.04736,1.04623,"$1,000.00",$7.07,$6.60,$0.35,$0.12,172.73116920000015,0.4498207531250004,0.0009242892187499999
363,467,FRA,FRA,small_arms_factory,1,550.0,0.15112,0.1232,$64.89,$5.34,$4.88,$0.34,$0.11,165.0230407999997,0.3000418923636358,0.0006165244363636363
364,266,ENG,ENG,cement_factory,1,3274.0,1.06851,0.42844,"$1,000.00",$15.59,$15.48,$0.00,$0.11,41.169434049999715,0.012574659147831312,0.0
365,77,FRA,FRA,liquor_distillery,1,221.0,0.15414,0.00815,$944.33,$1.14,$0.85,$0.19,$0.11,106.55486975000005,0.4821487319004527,0.0008376453846153846
366,805,TUR,TUR,steel_factory,1,89.0,0.34866,0.02289,"$1,000.00",$2.28,$1.87,$0.31,$0.10,149.17236099999997,1.6760939438202243,0.003444028651685393
367,434,FRA,FRA,canned_food_factory,1,2070.0,0.51352,0.0,$769.84,$7.57,$7.42,$0.04,$0.10,51.729124949999836,0.02498991543478253,1.9460410628019323e-05
368,434,FRA,FRA,ammunition_factory,1,591.0,0.19763,0.04666,$742.43,$3.70,$3.37,$0.25,$0.08,122.04910150000012,0.20651286209813896,0.0004243415059221658
369,1064,RUS,RUS,fabric_factory,1,0,0.70313,0.0,"$1,000.00",$1.43,$1.13,$0.23,$0.08,110.47576909999988,0,0
370,1345,ENG,ENG,fertilizer_factory,1,1502.0,0.63837,0.42328,"$1,000.00",$6.41,$6.34,$0.00,$0.07,25.363309799999737,0.016886358055925258,0.0
371,159,USA,USA,paper_mill,1,0,0.0,0.0,$893.79,$0.10,$0.00,$0.04,$0.06,37.6940902,0,0
372,219,USA,USA,fabric_factory,1,6.0,0.05768,0.03253,$890.04,$0.24,$0.01,$0.17,$0.06,86.47140175,14.411900291666667,0.029018401666666666
373,1070,RUS,RUS,fabric_factory,1,115.0,0.54108,0.0,$954.98,$1.10,$0.86,$0.18,$0.06,87.16201825000002,0.757930593478261,0.0015573916521739132
374,269,ENG,ENG,explosives_factory,1,22.0,0.04367,0.0,$999.55,$0.93,$0.76,$0.13,$0.04,61.98806679999999,2.8176393999999996,0.005789669999999999
375,354,RUS,RUS,small_arms_factory,1,345.0,0.0824,0.0,"$1,000.00",$2.92,$2.78,$0.11,$0.04,53.5113542499999,0.15510537463768087,0.00031870965217391305
376,567,HES,HES,canned_food_factory,1,67.0,0.01923,0.01862,$86.54,$0.16,$0.12,$0.00,$0.04,13.444669149999992,0.20066670373134315,2.0993432835820896e-05
377,2241,FRA,FRA,lumber_mill,1,112.0,1.00604,0.15045,$931.18,$1.02,$0.99,$0.00,$0.03,11.528780500000058,0.10293554017857195,2.0538035714285715e-05
378,1079,RUS,RUS,fertilizer_factory,1,427.0,0.22186,0.0,"$1,000.00",$2.42,$2.32,$0.07,$0.02,35.488588650000146,0.08311144882904016,0.00017077693208430916
379,1312,FRA,FRA,canned_food_factory,1,118.0,0.04047,0.0,$634.75,$0.60,$0.56,$0.03,$0.01,13.75656165000001,0.11658103093220348,0.0002395500847457627
380,810,TUR,TUR,small_arms_factory,1,19.0,0.01141,0.0029,"$1,000.00",$0.34,$0.31,$0.03,$0.01,13.656310749999996,0.7187531973684208,0.00147689
381,407,FRA,FRA,canned_food_factory,1,378.0,0.10104,0.0,$617.09,$1.49,$1.47,$0.01,$0.01,5.4692074499999945,0.014468802777777763,2.063100529100529e-05
382,2230,FRA,FRA,canned_food_factory,1,64.0,0.01788,0.0,$634.42,$0.26,$0.25,$0.01,$0.00,6.338042499999991,0.09903191406249987,0.0002034903125
383,445,FRA,FRA,canned_food_factory,1,165.0,0.04303,0.0,$597.74,$0.63,$0.63,$0.00,$0.00,1.2586952000000318,0.00762845575757595,0.0
384,595,BAV,BAV,lumber_mill,1,0,0.02014,0.013,$812.21,$0.01,$0.00,$0.00,$0.00,2.4839783,0,0
385,2287,ECU,ECU,liquor_distillery,1,1430.0,0.94958,0.81802,$6.26,$7.23,$6.25,$0.98,$0.00,356.89087165000007,0.24957403611888115,0.0006819718391608392
386,1073,RUS,RUS,fertilizer_factory,1,55.0,0.03021,0.0,"$1,000.00",$0.33,$0.32,$0.01,$0.00,3.3528133499999897,0.06096024272727254,0.00012526072727272726
387,1498,POR,POR,ammunition_factory,1,0,3e-05,0.0,$993.23,$0.00,$0.00,$0.00,$0.00,0.20050180000000004,0,0
388,260,ENG,ENG,fabric_factory,1,0,0.0,0.0,$3.51,$0.00,$0.00,$0.00,$0.00,0.0,0,0
389,260,ENG,ENG,ammunition_factory,0,0,0.0,0.0,$799.15,$0.00,$0.00,$0.00,$0.00,0.0,0,0
390,269,ENG,ENG,luxury_clothes_factory,1,0,0.0,0.0,$0.00,$0.00,$0.00,$0.00,$0.00,0.0,0,0
391,280,ENG,ENG,steel_factory,1,0,0.0,0.0,$198.53,$0.00,$0.00,$0.00,$0.00,0.0,0,0
392,280,ENG,ENG,canned_food_factory,1,0,0.0,0.0,$542.35,$0.00,$0.00,$0.00,$0.00,0.0,0,0
393,291,ENG,ENG,ammunition_factory,1,1028.0,3e-05,0.0,$0.00,$0.00,$0.00,$0.00,$0.00,0.0,0.0,0.0
394,296,ENG,ENG,lumber_mill,1,0,0.0,0.0,$0.00,$0.00,$0.00,$0.00,$0.00,0.0,0,0
395,296,ENG,ENG,paper_mill,0,0,0.0,0.0,"$1,175.04",$0.00,$0.00,$0.00,$0.00,0.0,0,0
396,1979,ENG,ENG,furniture_factory,0,0,0.0,0.0,"$1,000.05",$0.00,$0.00,$0.00,$0.00,0.0,0,0
397,2125,ENG,ENG,steel_factory,1,0,0.0,0.0,$993.66,$0.00,$0.00,$0.00,$0.00,0.0,0,0
398,2125,ENG,ENG,luxury_furniture_factory,0,0,0.0,0.0,"$1,399.51",$0.00,$0.00,$0.00,$0.00,0.0,0,0
399,2131,ENG,ENG,fabric_factory,1,0,0.0,0.0,$990.52,$0.00,$0.00,$0.00,$0.00,0.0,0,0
400,2131,ENG,ENG,winery,0,0,0.0,0.0,$618.78,$0.00,$0.00,$0.00,$0.00,0.0,0,0
401,2229,ENG,ENG,canned_food_factory,0,0,0.0,0.0,$627.51,$0.00,$0.00,$0.00,$0.00,0.0,0,0
402,339,RUS,RUS,luxury_furniture_factory,1,0,0.0,0.0,$0.00,$0.00,$0.00,$0.00,$0.00,0.0,0,0
403,977,RUS,RUS,glass_factory,0,0,0.0,0.0,$917.11,$0.00,$0.00,$0.00,$0.00,0.0,0,0
404,989,RUS,RUS,luxury_furniture_factory,1,0,0.0,0.0,$0.00,$0.00,$0.00,$0.00,$0.00,0.0,0,0
405,1008,RUS,RUS,fabric_factory,1,0,0.0,0.0,$0.00,$0.00,$0.00,$0.00,$0.00,0.0,0,0
406,1071,RUS,RUS,cement_factory,1,0,0.0,0.0,$805.69,$0.00,$0.00,$0.00,$0.00,0.0,0,0
407,1090,RUS,RUS,clipper_shipyard,1,0,0.0,0.0,$0.01,$0.00,$0.00,$0.00,$0.00,0.0,0,0
408,415,FRA,FRA,winery,0,0,0.0,0.0,$621.28,$0.00,$0.00,$0.00,$0.00,0.0,0,0
409,428,FRA,FRA,luxury_clothes_factory,1,0,0.0,0.0,$290.44,$0.00,$0.00,$0.00,$0.00,0.0,0,0
410,436,FRA,FRA,explosives_factory,0,0,0.0,0.0,"$1,192.98",$0.00,$0.00,$0.00,$0.00,0.0,0,0
411,467,FRA,FRA,winery,1,0,0.0,0.0,$699.84,$0.00,$0.00,$0.00,$0.00,0.0,0,0
412,549,PRU,PRU,paper_mill,1,0,0.0,0.0,$336.89,$0.00,$0.00,$0.00,$0.00,0.0,0,0
413,575,PRU,PRU,fabric_factory,1,0,0.0,0.0,$0.01,$0.00,$0.00,$0.00,$0.00,0.0,0,0
414,612,AUS,AUS,liquor_distillery,0,0,0.0,0.0,$587.02,$0.00,$0.00,$0.00,$0.00,0.0,0,0
415,616,AUS,AUS,fabric_factory,1,0,0.0,0.0,$0.00,$0.00,$0.00,$0.00,$0.00,0.0,0,0
416,623,AUS,AUS,luxury_clothes_factory,1,0,0.0,0.0,$0.00,$0.00,$0.00,$0.00,$0.00,0.0,0,0
417,625,AUS,AUS,glass_factory,0,0,0.0,0.0,$906.59,$0.00,$0.00,$0.00,$0.00,0.0,0,0
418,704,AUS,AUS,luxury_clothes_factory,1,0,0.0,0.0,$0.00,$0.00,$0.00,$0.00,$0.00,0.0,0,0
419,729,AUS,AUS,fabric_factory,1,0,0.0,0.0,$0.00,$0.00,$0.00,$0.00,$0.00,0.0,0,0
420,734,AUS,AUS,luxury_clothes_factory,1,0,0.0,0.0,$436.14,$0.00,$0.00,$0.00,$0.00,0.0,0,0
421,791,AUS,AUS,luxury_clothes_factory,1,0,0.0,0.0,$0.00,$0.00,$0.00,$0.00,$0.00,0.0,0,0
422,110,USA,USA,paper_mill,1,0,0.0,0.0,"$1,000.00",$0.00,$0.00,$0.00,$0.00,0.0,0,0
423,110,USA,USA,canned_food_factory,0,0,0.0,0.0,$623.64,$0.00,$0.00,$0.00,$0.00,0.0,0,0
424,163,USA,USA,fabric_factory,1,0,0.00101,0.00082,$0.00,$0.00,$0.00,$0.00,$0.00,0.0,0,0
425,178,USA,USA,lumber_mill,1,0,0.0,0.0,$0.01,$0.00,$0.00,$0.00,$0.00,0.0,0,0
426,220,USA,USA,furniture_factory,1,0,0.0011,0.00085,$960.89,$0.00,$0.00,$0.00,$0.00,0.0,0,0
427,223,USA,USA,regular_clothes_factory,0,0,0.0,0.0,"$2,000.18",$0.00,$0.00,$0.00,$0.00,0.0,0,0
428,232,USA,USA,lumber_mill,1,0,0.0,0.0,$0.00,$0.00,$0.00,$0.00,$0.00,0.0,0,0
429,241,USA,USA,canned_food_factory,1,0,0.0,0.0,$999.79,$0.00,$0.00,$0.00,$0.00,0.0,0,0
430,246,USA,USA,fabric_factory,1,0,0.00101,0.00037,$0.00,$0.00,$0.00,$0.00,$0.00,0.0,0,0
431,84,USA,USA,glass_factory,1,0,0.0,0.0,$0.00,$0.00,$0.00,$0.00,$0.00,0.0,0,0
432,1638,JAP,JAP,fabric_factory,0,0,0.0,0.0,"$1,594.09",$0.00,$0.00,$0.00,$0.00,0.0,0,0
433,1649,JAP,JAP,clipper_shipyard,0,0,0.0,0.0,"$12,597.23",$0.00,$0.00,$0.00,$0.00,0.0,0,0
434,1668,JAP,JAP,glass_factory,0,0,0.0,0.0,$920.61,$0.00,$0.00,$0.00,$0.00,0.0,0,0
435,720,ITA,ITA,luxury_furniture_factory,0,0,0.0,0.0,"$1,404.14",$0.00,$0.00,$0.00,$0.00,0.0,0,0
436,765,ITA,ITA,lumber_mill,1,0,0.0,0.0,$0.00,$0.00,$0.00,$0.00,$0.00,0.0,0,0
437,765,ITA,ITA,regular_clothes_factory,1,0,0.0,0.0,$45.45,$0.00,$0.00,$0.00,$0.00,0.0,0,0
438,746,ITA,ITA,paper_mill,0,0,0.0,0.0,"$1,187.55",$0.00,$0.00,$0.00,$0.00,0.0,0,0
439,744,ITA,ITA,lumber_mill,0,0,0.0,0.0,"$2,400.13",$0.00,$0.00,$0.00,$0.00,0.0,0,0
440,366,DEN,DEN,cement_factory,1,0,0.0,0.0,$0.00,$0.00,$0.00,$0.00,$0.00,0.0,0,0
441,305,SWE,SWE,small_arms_factory,1,0,0.0,0.0,$0.00,$0.00,$0.00,$0.00,$0.00,0.0,0,0
442,317,SWE,SWE,artillery_factory,1,0,0.0,0.0,$0.00,$0.00,$0.00,$0.00,$0.00,0.0,0,0
443,387,BEL,BEL,fabric_factory,1,0,0.0,0.0,$0.00,$0.00,$0.00,$0.00,$0.00,0.0,0,0
444,387,BEL,BEL,regular_clothes_factory,0,0,0.0,0.0,"$2,040.22",$0.00,$0.00,$0.00,$0.00,0.0,0,0
445,387,BEL,BEL,lumber_mill,0,0,0.0,0.0,"$2,375.11",$0.00,$0.00,$0.00,$0.00,0.0,0,0
446,375,NET,NET,steel_factory,1,2.0,0.0,0.0,$998.94,$0.00,$0.00,$0.00,$0.00,0.0,0.0,0.0
447,379,NET,NET,lumber_mill,1,0,0.0,0.0,$6.26,$0.00,$0.00,$0.00,$0.00,0.0,0,0
448,518,POR,POR,luxury_clothes_factory,1,0,0.0,0.0,$0.00,$0.00,$0.00,$0.00,$0.00,0.0,0,0
449,518,POR,POR,luxury_furniture_factory,0,0,0.0,0.0,"$1,404.64",$0.00,$0.00,$0.00,$0.00,0.0,0,0
450,521,POR,POR,fabric_factory,1,0,0.0,0.0,$69.45,$0.00,$0.00,$0.00,$0.00,0.0,0,0
451,525,POR,POR,cement_factory,1,0,0.0,0.0,$0.00,$0.00,$0.00,$0.00,$0.00,0.0,0,0
452,1498,POR,POR,paper_mill,1,0,0.0,0.0,$0.00,$0.00,$0.00,$0.00,$0.00,0.0,0,0
453,474,SPA,SPA,steel_factory,1,0,0.0,0.0,$0.01,$0.00,$0.00,$0.00,$0.00,0.0,0,0
454,477,SPA,SPA,luxury_clothes_factory,1,0,0.0,0.0,$0.00,$0.00,$0.00,$0.00,$0.00,0.0,0,0
455,487,SPA,SPA,artillery_factory,1,0,0.0,0.0,$0.00,$0.00,$0.00,$0.00,$0.00,0.0,0,0
456,498,SPA,SPA,steamer_shipyard,1,0,0.0,0.0,$0.01,$0.00,$0.00,$0.00,$0.00,0.0,0,0
457,498,SPA,SPA,luxury_clothes_factory,1,750.0,0.0,0.0,$0.00,$0.00,$0.00,$0.00,$0.00,0.0,0.0,0.0
458,503,SPA,SPA,artillery_factory,1,0,0.0,0.0,$0.00,$0.00,$0.00,$0.00,$0.00,0.0,0,0
459,503,SPA,SPA,explosives_factory,1,0,6e-05,0.0,$0.00,$0.00,$0.00,$0.00,$0.00,0.0,0,0
460,513,SPA,SPA,small_arms_factory,1,0,0.0,0.0,$0.00,$0.00,$0.00,$0.00,$0.00,0.0,0,0
461,2136,SPA,SPA,luxury_furniture_factory,1,0,0.0,0.0,$999.27,$0.00,$0.00,$0.00,$0.00,0.0,0,0
462,569,BAD,BAD,steel_factory,1,0,0.0,0.0,$0.01,$0.00,$0.00,$0.00,$0.00,0.0,0,0
463,592,BAV,BAV,luxury_clothes_factory,1,0,0.0,0.0,$0.00,$0.00,$0.00,$0.00,$0.00,0.0,0,0
464,595,BAV,BAV,glass_factory,0,0,0.0,0.0,$920.61,$0.00,$0.00,$0.00,$0.00,0.0,0,0
465,539,BRE,BRE,cement_factory,1,0,0.0,0.0,$681.05,$0.00,$0.00,$0.00,$0.00,0.0,0,0
466,564,FRM,FRM,liquor_distillery,1,0,0.0,0.0,$530.55,$0.00,$0.00,$0.00,$0.00,0.0,0,0
467,534,HAN,HAN,artillery_factory,1,0,0.0,0.0,$0.00,$0.00,$0.00,$0.00,$0.00,0.0,0,0
468,534,HAN,HAN,luxury_furniture_factory,1,0,0.0,0.0,$0.00,$0.00,$0.00,$0.00,$0.00,0.0,0,0
469,537,HAN,HAN,luxury_furniture_factory,1,0,0.0,0.0,$0.00,$0.00,$0.00,$0.00,$0.00,0.0,0,0
470,567,HES,HES,lumber_mill,1,0,0.0,0.0,$999.85,$0.00,$0.00,$0.00,$0.00,0.0,0,0
471,570,HES,HES,luxury_clothes_factory,1,0,0.0,0.0,$966.12,$0.00,$0.00,$0.00,$0.00,0.0,0,0
472,369,HOL,HOL,canned_food_factory,1,0,9e-05,9e-05,$684.31,$0.00,$0.00,$0.00,$0.00,0.0,0,0
473,397,LUX,LUX,lumber_mill,1,0,0.0,0.0,$958.74,$0.00,$0.00,$0.00,$0.00,0.0,0,0
474,544,MEC,MEC,cement_factory,1,0,0.0,0.0,"$1,000.00",$0.00,$0.00,$0.00,$0.00,0.0,0,0
475,558,SAX,SAX,canned_food_factory,1,0,0.0,0.0,$999.90,$0.00,$0.00,$0.00,$0.00,0.0,0,0
476,558,SAX,SAX,small_arms_factory,0,0,0.0,0.0,"$1,424.44",$0.00,$0.00,$0.00,$0.00,0.0,0,0
477,703,KRA,KRA,canned_food_factory,1,0,0.0,3e-05,$0.00,$0.00,$0.00,$0.00,$0.00,0.0,0,0
478,603,SWI,SWI,canned_food_factory,1,0,0.0,0.0,"$1,000.00",$0.00,$0.00,$0.00,$0.00,0.0,0,0
479,604,SWI,SWI,furniture_factory,1,0,0.0,0.0,$998.98,$0.00,$0.00,$0.00,$0.00,0.0,0,0
480,604,SWI,SWI,ammunition_factory,0,0,0.0,0.0,$811.16,$0.00,$0.00,$0.00,$0.00,0.0,0,0
481,839,GRE,GRE,glass_factory,1,0,0.0,0.0,$925.99,$0.00,$0.00,$0.00,$0.00,0.0,0,0
482,839,GRE,GRE,canned_food_factory,1,0,0.0,0.0,$0.00,$0.00,$0.00,$0.00,$0.00,0.0,0,0
483,670,MOL,MOL,cement_factory,1,2420.0,0.0,0.0,$379.38,$0.00,$0.00,$0.00,$0.00,0.0,0.0,0.0
484,670,MOL,MOL,canned_food_factory,1,0,0.0,0.0,$934.62,$0.00,$0.00,$0.00,$0.00,0.0,0,0
485,670,MOL,MOL,regular_clothes_factory,1,0,0.0,0.0,$978.48,$0.00,$0.00,$0.00,$0.00,0.0,0,0
486,654,ROM,ROM,paper_mill,1,0,0.0,0.0,$933.88,$0.00,$0.00,$0.00,$0.00,0.0,0,0
487,657,ROM,ROM,fabric_factory,1,0,0.0,0.0,$0.00,$0.00,$0.00,$0.00,$0.00,0.0,0,0
488,657,ROM,ROM,canned_food_factory,1,0,0.0,0.0,$0.00,$0.00,$0.00,$0.00,$0.00,0.0,0,0
489,819,TUR,TUR,cement_factory,0,0,0.0,0.0,$777.08,$0.00,$0.00,$0.00,$0.00,0.0,0,0
490,876,TUR,TUR,steel_factory,0,0,0.0,0.0,"$2,580.53",$0.00,$0.00,$0.00,$0.00,0.0,0,0
491,1156,TUR,TUR,glass_factory,0,0,0.0,0.0,$924.11,$0.00,$0.00,$0.00,$0.00,0.0,0,0
492,1954,TUR,TUR,lumber_mill,1,0,0.0,0.0,$999.98,$0.00,$0.00,$0.00,$0.00,0.0,0,0
493,1954,TUR,TUR,winery,1,0,0.0,0.0,$999.97,$0.00,$0.00,$0.00,$0.00,0.0,0,0
494,2105,TRN,TRN,glass_factory,1,0,0.0,0.0,$999.00,$0.00,$0.00,$0.00,$0.00,0.0,0,0
495,94,CSA,CSA,machine_parts_factory,1,0,0.0,0.0,$999.64,$0.00,$0.00,$0.00,$0.00,0.0,0,0
496,123,CSA,CSA,furniture_factory,0,0,0.0,0.0,$995.04,$0.00,$0.00,$0.00,$0.00,0.0,0,0
497,139,CSA,CSA,luxury_clothes_factory,1,0,0.0,0.0,$991.05,$0.00,$0.00,$0.00,$0.00,0.0,0,0
498,139,CSA,CSA,liquor_distillery,0,0,0.0,0.0,$587.27,$0.00,$0.00,$0.00,$0.00,0.0,0,0
499,184,CSA,CSA,glass_factory,1,0,0.0,0.0,"$1,000.00",$0.00,$0.00,$0.00,$0.00,0.0,0,0
500,188,CSA,CSA,glass_factory,1,0,0.0,0.0,$553.68,$0.00,$0.00,$0.00,$0.00,0.0,0,0
501,188,CSA,CSA,steel_factory,1,0,0.0,0.0,$996.39,$0.00,$0.00,$0.00,$0.00,0.0,0,0
502,192,CSA,CSA,luxury_furniture_factory,1,0,0.0,0.0,$995.25,$0.00,$0.00,$0.00,$0.00,0.0,0,0
503,195,CSA,CSA,fabric_factory,1,0,0.0,0.0,$0.00,$0.00,$0.00,$0.00,$0.00,0.0,0,0
504,201,CSA,CSA,paper_mill,1,0,0.0,0.0,$0.00,$0.00,$0.00,$0.00,$0.00,0.0,0,0
505,207,CSA,CSA,fabric_factory,1,0,0.0,0.0,$0.00,$0.00,$0.00,$0.00,$0.00,0.0,0,0
506,207,CSA,CSA,cement_factory,1,0,0.0,0.0,$792.10,$0.00,$0.00,$0.00,$0.00,0.0,0,0
507,658,CSA,CSA,fertilizer_factory,1,0,0.0,0.0,$999.60,$0.00,$0.00,$0.00,$0.00,0.0,0,0
508,658,CSA,CSA,cement_factory,1,0,0.0,0.0,$796.67,$0.00,$0.00,$0.00,$0.00,0.0,0,0
509,2191,ELS,ELS,fabric_factory,1,0,0.0,0.0,$821.02,$0.00,$0.00,$0.00,$0.00,0.0,0,0
510,2191,ELS,ELS,regular_clothes_factory,1,0,0.0,0.0,$0.00,$0.00,$0.00,$0.00,$0.00,0.0,0,0
511,2142,MEX,MEX,glass_factory,1,0,0.0,0.0,$10.06,$0.00,$0.00,$0.00,$0.00,0.0,0,0
512,2146,MEX,MEX,fabric_factory,1,0,0.0,0.0,$432.65,$0.00,$0.00,$0.00,$0.00,0.0,0,0
513,2170,MEX,MEX,canned_food_factory,1,0,0.0,0.0,$0.05,$0.00,$0.00,$0.00,$0.00,0.0,0,0
514,2186,UCA,UCA,glass_factory,1,0,0.0,0.0,$467.79,$0.00,$0.00,$0.00,$0.00,0.0,0,0
515,2186,UCA,UCA,luxury_clothes_factory,0,0,0.0,0.0,"$1,352.49",$0.00,$0.00,$0.00,$0.00,0.0,0,0
516,2197,UCA,UCA,canned_food_factory,1,0,3e-05,9e-05,$0.00,$0.00,$0.00,$0.00,$0.00,0.0,0,0
517,2197,UCA,UCA,winery,0,0,0.0,0.0,$620.03,$0.00,$0.00,$0.00,$0.00,0.0,0,0
518,2201,UCA,UCA,regular_clothes_factory,1,0,0.0,0.0,$890.96,$0.00,$0.00,$0.00,$0.00,0.0,0,0
519,2201,UCA,UCA,cement_factory,1,0,0.0,0.0,$732.53,$0.00,$0.00,$0.00,$0.00,0.0,0,0
520,2348,ARG,ARG,cement_factory,1,0,0.0,0.0,$0.00,$0.00,$0.00,$0.00,$0.00,0.0,0,0
521,2356,ARG,ARG,canned_food_factory,1,0,0.0,0.0,$0.00,$0.00,$0.00,$0.00,$0.00,0.0,0,0
522,2305,ARG,ARG,liquor_distillery,1,0,0.0,0.0,$613.03,$0.00,$0.00,$0.00,$0.00,0.0,0,0
523,2428,BRZ,BRZ,luxury_clothes_factory,1,0,0.0,0.0,$767.36,$0.00,$0.00,$0.00,$0.00,0.0,0,0
524,2436,BRZ,BRZ,fabric_factory,1,0,0.0,0.0,$313.69,$0.00,$0.00,$0.00,$0.00,0.0,0,0
525,2310,BRZ,BRZ,cement_factory,2,16562.0,0.0,0.0,"$1,408.87",$0.00,$0.00,$0.00,$0.00,0.0,0.0,0.0
526,2310,BRZ,BRZ,liquor_distillery,0,0,0.0,0.0,$587.02,$0.00,$0.00,$0.00,$0.00,0.0,0,0
527,2312,BRZ,BRZ,cement_factory,1,0,0.0,0.0,$999.96,$0.00,$0.00,$0.00,$0.00,0.0,0,0
528,2322,CHL,CHL,cement_factory,1,0,0.0,0.0,$924.45,$0.00,$0.00,$0.00,$0.00,0.0,0,0
529,2327,CHL,CHL,cement_factory,1,0,0.0,0.0,$949.70,$0.00,$0.00,$0.00,$0.00,0.0,0,0
530,2327,CHL,CHL,canned_food_factory,1,0,0.0,0.0,$0.00,$0.00,$0.00,$0.00,$0.00,0.0,0,0
531,2332,CHL,CHL,canned_food_factory,1,0,3e-05,0.0,$0.00,$0.00,$0.00,$0.00,$0.00,0.0,0,0
532,1723,CLM,CLM,fabric_factory,1,0,0.0,0.0,$999.31,$0.00,$0.00,$0.00,$0.00,0.0,0,0
533,2286,PEU,PEU,luxury_clothes_factory,1,0,0.0,0.0,$838.93,$0.00,$0.00,$0.00,$0.00,0.0,0,0
534,2290,PEU,PEU,cement_factory,1,0,0.0,0.0,$0.00,$0.00,$0.00,$0.00,$0.00,0.0,0,0
535,2293,PEU,PEU,cement_factory,1,0,0.0,0.0,$0.00,$0.00,$0.00,$0.00,$0.00,0.0,0,0
536,2307,PEU,PEU,luxury_clothes_factory,1,0,0.0,0.0,$908.00,$0.00,$0.00,$0.00,$0.00,0.0,0,0
537,2307,PEU,PEU,regular_clothes_factory,3,0,0.0,0.0,$874.25,$0.00,$0.00,$0.00,$0.00,0.0,0,0
538,2339,PRG,PRG,fabric_factory,1,0,0.0,0.0,$559.24,$0.00,$0.00,$0.00,$0.00,0.0,0,0
539,2264,VNZ,VNZ,canned_food_factory,0,0,0.0,0.0,$626.39,$0.00,$0.00,$0.00,$0.00,0.0,0,0
540,2268,VNZ,VNZ,canned_food_factory,1,0,0.0,0.0,$993.97,$0.00,$0.00,$0.00,$0.00,0.0,0,0
541,2268,VNZ,VNZ,explosives_factory,1,0,0.0,0.0,$982.02,$0.00,$0.00,$0.00,$0.00,0.0,0,0
542,2269,VNZ,VNZ,fabric_factory,1,0,0.0,0.0,$999.11,$0.00,$0.00,$0.00,$0.00,0.0,0,0
543,2269,VNZ,VNZ,cement_factory,1,0,0.0,0.0,$792.35,$0.00,$0.00,$0.00,$0.00,0.0,0,0
544,1999,D01,D01,fertilizer_factory,1,0,0.0,0.0,$765.62,$0.00,$0.00,$0.00,$0.00,0.0,0,0
545,2003,D01,D01,regular_clothes_factory,0,0,0.0,0.0,"$1,980.16",$0.00,$0.00,$0.00,$0.00,0.0,0,0
546,2049,D02,D02,furniture_factory,1,0,0.0,0.0,$0.00,$0.00,$0.00,$0.00,$0.00,0.0,0,0
547,2057,D02,D02,artillery_factory,1,0,0.0,0.0,$33.55,$0.00,$0.00,$0.00,$0.00,0.0,0,0
548,2057,D02,D02,regular_clothes_factory,1,0,0.0,0.0,$0.00,$0.00,$0.00,$0.00,$0.00,0.0,0,0
549,2065,D02,D02,furniture_factory,1,0,0.0,0.0,$0.00,$0.00,$0.00,$0.00,$0.00,0.0,0,0
550,2054,D03,D03,canned_food_factory,1,0,3e-05,9e-05,$0.00,$0.00,$0.00,$0.00,$0.00,0.0,0,0
551,2054,D03,D03,lumber_mill,1,0,0.0,0.0,$987.31,$0.00,$0.00,$0.00,$0.00,0.0,0,0
552,2052,D03,D03,winery,1,0,0.0,0.0,$657.38,$0.00,$0.00,$0.00,$0.00,0.0,0,0
553,451,FRA,FRA,artillery_factory,1,470.0,0.1254,0.05502,$625.92,$8.62,$8.60,$0.01,-$0.00,5.380096349999608,0.011447013510637464,3.1752765957446805e-05
554,528,HAM,HAM,luxury_clothes_factory,1,0,0.0,0.0,$995.93,$0.00,$0.00,$0.00,-$0.00,0.0,0,0
555,258,ENG,ENG,ammunition_factory,1,0,0.00455,0.0,$762.88,$0.09,$0.09,$0.00,-$0.00,-1.236422900000003,0,0
556,741,ITA,ITA,canned_food_factory,1,0,0.00168,0.00031,$0.02,$0.02,$0.03,$0.00,-$0.01,-1.8379209999999997,0,0
557,123,CSA,CSA,luxury_furniture_factory,1,0,0.0,0.0,$980.37,$0.00,$0.00,$0.01,-$0.01,0.0,0,0
558,339,RUS,RUS,paper_mill,1,786.0,1.43497,0.67783,$814.24,$4.41,$4.41,$0.00,-$0.01,-3.029784699999638,-0.0038546879134855445,0.0
559,465,FRA,FRA,artillery_factory,1,636.0,0.07434,0.03262,$320.04,$5.10,$5.11,$0.00,-$0.01,-3.5421753500000452,-0.005569458097484348,0.0
560,964,RUS,RUS,paper_mill,1,1802.0,2.66638,1.25949,$338.81,$8.19,$8.20,$0.00,-$0.01,-4.678347350000136,-0.002596197197558344,0.0
561,106,USA,USA,canned_food_factory,1,0,0.0,0.0,$687.19,$0.00,$0.00,$0.02,-$0.02,0.0,0,0
562,2244,ENG,ENG,machine_parts_factory,1,14.0,0.0,0.0,$571.54,$0.00,$0.02,$0.00,-$0.02,-6.64993135,-0.47499509642857146,2.0305000000000003e-05
563,1065,RUS,RUS,winery,1,4.0,0.00308,0.00116,$601.41,$0.00,$0.02,$0.00,-$0.02,-8.98910685,-2.2472767125,0.0
564,2190,ENG,ENG,regular_clothes_factory,1,6.0,0.01099,0.00223,$841.42,$0.03,$0.06,$0.00,-$0.03,-9.345551250000002,-1.5575918750000002,1.5793333333333333e-05
565,349,RUS,RUS,canned_food_factory,1,2.0,0.06503,0.0,$732.90,$0.96,$0.99,$0.00,-$0.03,-10.626526049999974,-5.313263024999987,0.0
566,2286,PEU,PEU,fabric_factory,1,0,0.0,0.0,$979.65,$0.00,$0.04,$0.00,-$0.04,-12.80975165,0,0
567,2457,BRZ,BRZ,regular_clothes_factory,1,5564.0,9.04382,4.38254,$54.31,$54.15,$54.19,$0.00,-$0.04,-15.639038200001387,-0.0028107545291159936,0.0
568,695,PRU,PRU,clipper_shipyard,1,16.0,0.0,0.0,$10.98,$0.00,$0.05,$0.00,-$0.05,-19.4819626,-1.2176226625,0.0
569,985,RUS,RUS,paper_mill,1,13.0,0.03802,0.01797,$750.04,$0.06,$0.12,$0.00,-$0.05,-19.838410650000004,-1.5260315884615387,0.0
570,1069,RUS,RUS,regular_clothes_factory,1,6.0,0.01236,0.00388,$869.85,$0.04,$0.11,$0.00,-$0.07,-24.9957256,-4.165954266666667,0.0
571,2410,BRZ,BRZ,glass_factory,1,56.0,0.0,0.0,$883.49,$0.00,$0.07,$0.00,-$0.07,-25.407869,-0.45371194642857143,0.0
572,436,FRA,FRA,luxury_clothes_factory,1,41.0,0.0,0.0,$408.71,$0.00,$0.08,$0.00,-$0.08,-30.39810155,-0.7414171109756098,1.778878048780488e-05
573,91,USA,USA,fertilizer_factory,1,45.0,0.01703,0.00656,$982.59,$0.11,$0.20,$0.00,-$0.09,-31.846162399999997,-0.7076924977777778,2.8071999999999998e-05
574,313,SWE,SWE,regular_clothes_factory,6,0,0.01852,0.0174,$213.41,$0.00,$0.10,$0.00,-$0.09,-33.1271372,0,0
575,2193,UCA,UCA,fabric_factory,1,245.0,0.0,0.0,$924.68,$0.00,$0.10,$0.00,-$0.10,-35.29922665,-0.14407847612244898,0.0
576,987,RUS,RUS,canned_food_factory,1,1167.0,0.17557,0.0,$687.07,$2.59,$2.69,$0.00,-$0.10,-37.14828379999993,-0.03183229117395024,0.0
577,2426,BRZ,BRZ,glass_factory,1,76.0,0.0,0.0,$803.96,$0.00,$0.10,$0.00,-$0.10,-37.87231605,-0.4983199480263158,0.0
578,1654,JAP,JAP,regular_clothes_factory,1,18.0,0.01715,0.01355,$960.48,$0.02,$0.13,$0.00,-$0.12,-42.071684850000004,-2.337315825,0.0
579,595,BAV,BAV,canned_food_factory,1,1051.0,9e-05,9e-05,$1.15,$0.00,$0.12,$0.00,-$0.12,-44.1323836,-0.04199085023786869,0.0
580,2306,BRZ,BRZ,machine_parts_factory,1,0,0.0,0.0,$745.74,$0.00,$0.14,$0.00,-$0.14,-51.65115365,0,0
581,2497,AST,AST,fabric_factory,1,0,0.0,0.0,$876.47,$0.00,$0.00,$0.16,-$0.16,0.0,0,0
582,594,PRU,PRU,canned_food_factory,1,0,0.0,0.0,$788.33,$0.00,$0.20,$0.00,-$0.20,-72.0465105,0,0
583,211,CSA,CSA,regular_clothes_factory,1,263.0,0.2894,0.01141,$773.81,$1.66,$1.86,$0.00,-$0.20,-72.30270400000003,-0.2749152243346009,1.2571863117870723e-05
584,2279,ECU,ECU,fabric_factory,1,1876.0,0.0,0.0,$377.60,$0.00,$0.21,$0.00,-$0.21,-78.47366410000001,-0.04183031135394457,0.0
585,972,RUS,RUS,regular_clothes_factory,1,3164.0,5.14435,1.60855,$30.90,$30.60,$30.83,$0.00,-$0.23,-82.86239489999991,-0.0261891260745891,0.0
586,664,WAL,WAL,regular_clothes_factory,4,83.0,0.0553,0.05496,$849.71,$0.40,$0.63,$0.00,-$0.23,-83.8760364,-1.0105546554216869,1.8792530120481928e-05
587,771,AUS,AUS,regular_clothes_factory,1,4879.0,9.35623,0.15277,$56.17,$55.83,$56.07,$0.00,-$0.24,-85.86990364999909,-0.017599898268087538,0.0
588,509,SPA,SPA,cement_factory,1,5139.0,2.10284,0.69681,$999.76,$31.83,$32.08,$0.00,-$0.24,-88.3984375,-0.017201486184082505,0.0
589,2468,AST,AST,ammunition_factory,1,535.0,0.0,0.0,$497.45,$0.00,$0.23,$0.03,-$0.26,-82.62847735000001,-0.15444575205607478,6.310345794392523e-05
590,383,NET,NET,fertilizer_factory,1,9254.0,4.16006,3.15472,$999.46,$41.70,$41.96,$0.00,-$0.26,-95.53848354999843,-0.010324020266911437,0.0
591,749,ITA,ITA,canned_food_factory,1,3060.0,0.50198,0.08804,$6.49,$6.49,$6.78,$0.00,-$0.29,-106.94473355000005,-0.034949259330065374,0.0
592,2297,PEU,PEU,fabric_factory,1,1142.0,0.0,0.0,$312.45,$0.00,$0.32,$0.00,-$0.32,-116.05636725000001,-0.10162554049912435,0.0
593,1021,RUS,RUS,cement_factory,1,2818.0,0.77673,0.11563,$998.29,$12.32,$12.65,$0.00,-$0.34,-122.41668570000026,-0.043440981440738206,0.0
594,1723,CLM,CLM,luxury_clothes_factory,1,38.0,0.00424,0.00412,$999.66,$0.01,$0.36,$0.00,-$0.34,-125.8363342,-3.3114824789473682,0.0
595,1063,RUS,RUS,regular_clothes_factory,1,351.0,0.384,0.12009,$514.76,$2.10,$2.45,$0.00,-$0.35,-127.18414415000005,-0.3623479890313392,0.0
596,317,SWE,SWE,regular_clothes_factory,9,14399.0,24.35257,22.84616,$145.90,$145.17,$145.59,$0.00,-$0.42,-153.03756865000736,-0.010628347013682017,0.0
597,Mazowieckie,RUS,RUS,regular_clothes_factory,1,5037.0,7.9129,2.47424,$430.17,$47.05,$47.48,$0.00,-$0.42,-154.45221009999855,-0.030663531884057682,0.0
598,2170,MEX,MEX,fertilizer_factory,1,1861.0,1.33752,1.30914,$148.63,$13.44,$13.86,$0.00,-$0.42,-154.7306795499994,-0.0831438364051582,0.0
599,1048,RUS,RUS,cement_factory,1,3642.0,0.99884,0.14868,$998.28,$15.85,$16.27,$0.00,-$0.43,-155.48812755000074,-0.042693060831960665,0.0
600,74,ENG,ENG,cement_factory,1,3849.0,1.38391,0.55487,$998.59,$20.22,$20.53,$0.12,-$0.43,-112.71469005000009,-0.029284149142634473,3.1045494933749026e-05
601,589,WUR,WUR,fabric_factory,1,293.0,0.0,0.0,$729.94,$0.00,$0.44,$0.00,-$0.44,-158.82980475,-0.5420812448805461,0.0
602,944,RUS,RUS,canned_food_factory,1,2154.0,0.35638,0.0,$704.92,$5.25,$5.69,$0.00,-$0.44,-161.56997655000012,-0.07500927416434545,0.0
603,1020,RUS,RUS,ammunition_factory,1,8716.0,2.05627,0.23245,$992.99,$38.57,$39.03,$0.00,-$0.46,-168.65432724999891,-0.019349968706975553,0.0
604,2003,D01,D01,ammunition_factory,1,423.0,0.0,0.0,$923.17,$0.00,$0.47,$0.00,-$0.47,-171.51702955,-0.4054776112293144,0.0
605,2193,UCA,UCA,regular_clothes_factory,1,622.0,0.14624,0.07755,$7.42,$0.81,$1.28,$0.00,-$0.47,-172.24105814999996,-0.2769148844855305,0.0
606,549,PRU,PRU,artillery_factory,3,412.0,0.0,0.0,"$2,657.95",$0.00,$0.53,$0.00,-$0.53,-193.85055465,-0.47051105497572815,0.0
607,442,FRA,FRA,steamer_shipyard,1,181.0,0.08707,0.05603,$916.27,$6.22,$6.77,$0.00,-$0.56,-202.68371889999986,-1.119799551933701,0.0
608,2228,FRA,FRA,clipper_shipyard,1,106.0,0.11353,0.00116,$799.73,$4.94,$5.49,$0.00,-$0.56,-202.80624574999985,-1.913266469339621,0.0
609,528,HAM,HAM,artillery_factory,1,1722.0,0.24869,0.24869,$908.38,$12.90,$13.41,$0.04,-$0.56,-187.9246518999995,-0.10913162131242712,2.6099616724738673e-05
610,458,FRA,FRA,clipper_shipyard,1,21.0,0.02692,0.00027,$11.45,$1.17,$1.74,$0.00,-$0.57,-208.0860912,-9.908861485714286,7.480571428571429e-05
611,518,POR,POR,cement_factory,2,0,0.73318,0.73318,"$1,171.42",$8.44,$9.04,$0.00,-$0.60,-220.0381475999992,0,0
612,570,HES,HES,fertilizer_factory,1,1253.0,1.00113,0.9982,$947.45,$9.67,$10.32,$0.00,-$0.66,-239.52011020000026,-0.19115731061452534,0.0
613,Minsk,RUS,RUS,cement_factory,1,6306.0,1.63385,0.24319,$998.36,$25.92,$26.61,$0.00,-$0.69,-252.49694790000103,-0.040040746574690936,0.0
614,2142,MEX,MEX,regular_clothes_factory,1,733.0,1.57516,1.47855,$942.92,$8.04,$8.74,$0.00,-$0.70,-255.73837054999984,-0.3488927292633013,0.0
615,2306,BRZ,BRZ,regular_clothes_factory,1,7529.0,12.20627,5.91504,$74.38,$72.70,$73.40,$0.00,-$0.71,-258.2669080500017,-0.03430294966795081,0.0
616,2247,CLM,CLM,regular_clothes_factory,1,1892.0,3.67484,3.608,$962.92,$22.14,$22.85,$0.00,-$0.71,-259.4030764000002,-0.13710522008456671,0.0
617,294,ENG,ENG,ammunition_factory,6,23740.0,0.0,0.0,$83.70,$0.00,$0.00,$0.74,-$0.74,0.0,0.0,3.129042080876159e-05
618,2105,TRN,TRN,regular_clothes_factory,3,2944.0,0.42023,9e-05,$24.47,$2.51,$3.35,$0.00,-$0.83,-303.96987935,-0.10325063836616848,0.0
619,2364,ARG,ARG,winery,1,506.0,0.11487,0.0007,$499.99,$1.28,$2.12,$0.00,-$0.84,-305.51818745000014,-0.6037908842885378,0.0
620,1026,RUS,RUS,cement_factory,1,6467.0,1.48029,0.22034,$997.18,$23.48,$24.35,$0.00,-$0.87,-316.3897708500003,-0.04892373138240301,0.0
621,379,NET,NET,ammunition_factory,1,1784.0,0.0,0.0,$623.87,$0.00,$0.87,$0.00,-$0.87,-316.7907708,-0.17757330201793722,0.0
622,1036,RUS,RUS,cement_factory,1,9354.0,2.17233,0.32333,$997.86,$34.49,$35.39,$0.00,-$0.90,-328.9433290000011,-0.03516606040196719,0.0
623,354,RUS,RUS,ammunition_factory,2,18221.0,3.86462,0.43686,"$1,986.71",$72.50,$73.41,$0.00,-$0.91,-333.8333106499988,-0.018321349577410613,0.0
624,567,HES,HES,artillery_factory,1,126.0,0.06949,0.06949,$666.92,$3.60,$4.53,$0.01,-$0.94,-339.5030235499999,-2.694468440873015,9.143285714285715e-05
625,2158,MEX,MEX,cement_factory,1,519.0,0.46326,0.35794,$534.03,$6.03,$7.00,$0.00,-$0.97,-353.92791480000017,-0.6819420323699426,0.0
626,Kiev,RUS,RUS,ammunition_factory,1,8529.0,2.02594,0.22903,$978.60,$37.99,$39.06,$0.00,-$1.07,-389.2160016500005,-0.045634423924258476,0.0
627,392,BEL,BEL,ammunition_factory,2,14670.0,2.8038,2.14822,"$1,907.73",$52.72,$53.16,$0.72,-$1.16,-161.02417015000017,-0.01097642604976143,4.9226097477845944e-05
628,854,ENG,ENG,machine_parts_factory,1,1000.0,0.0,0.0,$977.61,$0.00,$1.20,$0.00,-$1.20,-436.60095135,-0.43660095135,0.0
629,1008,RUS,RUS,regular_clothes_factory,1,7442.0,15.2962,4.78287,$92.58,$90.86,$92.12,$0.00,-$1.25,-457.74261639999804,-0.06150801080354717,0.0
630,294,ENG,ENG,small_arms_factory,7,41844.0,0.0,0.0,$304.30,$0.00,$0.00,$1.30,-$1.30,0.0,0.0,3.10368263072364e-05
631,2293,PEU,PEU,canned_food_factory,1,3839.0,0.12335,0.08844,$12.56,$1.04,$2.38,$0.00,-$1.33,-486.40304420000007,-0.12670045433706698,0.0
632,744,ITA,ITA,paper_mill,1,8833.0,21.56308,0.65479,$651.22,$73.68,$64.92,$10.12,-$1.36,3199.4976805500014,0.3622209533057853,0.0011458576678365223
633,2151,MEX,MEX,regular_clothes_factory,1,5336.0,12.39307,11.63287,$876.21,$74.83,$76.30,$0.00,-$1.47,-537.3078933000028,-0.10069488255247429,0.0
634,589,WUR,WUR,cement_factory,1,883.0,0.63605,0.58826,$710.09,$7.84,$9.35,$0.00,-$1.51,-550.6968707499999,-0.6236657652887881,0.0
635,2065,D02,D02,winery,1,6346.0,4.2207,1.73489,$124.97,$44.94,$37.76,$8.88,-$1.70,2620.4077116500025,0.4129227405688627,0.001399858044437441
636,1642,JAP,JAP,regular_clothes_factory,1,3664.0,6.40366,5.05582,$940.98,$36.73,$38.51,$0.00,-$1.78,-649.3208306999985,-0.1772163839246721,0.0
637,2303,PEU,PEU,regular_clothes_factory,7,2099.0,0.96368,0.42548,$46.56,$5.49,$7.33,$0.00,-$1.84,-673.2472231000002,-0.32074665226298243,0.0
638,2293,PEU,PEU,regular_clothes_factory,3,2771.0,0.90945,0.40155,$41.45,$5.17,$7.03,$0.00,-$1.86,-677.2238141500002,-0.24439690153374238,0.0
639,296,ENG,ENG,canned_food_factory,1,9666.0,9e-05,0.0,$12.26,$0.00,$1.57,$0.30,-$1.87,-573.1974819000001,-0.05930038091247673,3.102832609145458e-05
640,434,FRA,FRA,explosives_factory,1,7806.0,3.59161,2.43997,$991.11,$65.67,$67.37,$0.18,-$1.89,-622.554019249998,-0.07975326918396079,2.3495485523955927e-05
641,Kiev,RUS,RUS,regular_clothes_factory,1,7385.0,13.31726,4.16409,$81.35,$79.26,$81.16,$0.00,-$1.90,-695.2465834000011,-0.09414307155044023,0.0
642,762,ITA,ITA,regular_clothes_factory,1,963.0,5.4931,3.91415,$33.84,$33.84,$35.75,$0.00,-$1.91,-697.0399451999984,-0.7238213345794376,0.0
643,623,AUS,AUS,canned_food_factory,1,8309.0,2.01694,0.16745,$40.48,$28.20,$30.22,$0.00,-$2.02,-737.6412968999998,-0.08877618207967262,0.0
644,2186,UCA,UCA,regular_clothes_factory,1,841.0,1.21191,0.64255,$997.76,$7.41,$9.64,$0.00,-$2.24,-816.4491257999998,-0.9708075217598096,0.0
645,349,RUS,RUS,explosives_factory,1,9227.0,2.00491,0.86761,$983.34,$38.71,$41.01,$0.00,-$2.30,-839.8965432999989,-0.09102596112495924,0.0
646,690,PRU,PRU,canned_food_factory,1,8998.0,9e-05,0.0,$13.14,$0.00,$2.44,$0.00,-$2.44,-890.066224,-0.0989182289397644,0.0
647,595,BAV,BAV,fertilizer_factory,1,5727.0,3.37796,2.53998,$155.05,$33.66,$36.10,$0.00,-$2.44,-890.1998906500023,-0.1554391288021656,0.0
648,633,AUS,AUS,lumber_mill,2,6577.0,64.51788,4.00677,$85.22,$64.58,$67.02,$0.00,-$2.45,-892.5613384499992,-0.1357094934544624,0.0
649,753,FRA,FRA,explosives_factory,1,3276.0,1.26028,0.8562,$973.73,$23.04,$25.49,$0.00,-$2.45,-894.1987613000006,-0.27295444484127,0.0
650,392,BEL,BEL,machine_parts_factory,1,0,0.0,0.0,$668.56,$0.00,$2.55,$0.05,-$2.59,-930.48934985,0,0
651,2297,PEU,PEU,regular_clothes_factory,4,4277.0,1.29089,0.56995,$62.38,$7.25,$9.85,$0.00,-$2.61,-951.8092334499997,-0.22254132182604625,0.0
652,944,RUS,RUS,explosives_factory,1,9998.0,2.15509,0.93262,$972.19,$41.62,$44.44,$0.00,-$2.82,-1028.8793922500008,-0.10290852092918593,0.0
653,1999,D01,D01,regular_clothes_factory,1,2911.0,0.91049,0.53122,$46.57,$5.20,$8.05,$0.00,-$2.84,-1038.0801407,-0.35660602566128474,0.0
654,1121,PER,PER,cement_factory,1,2502.0,0.87628,0.87018,$568.52,$10.51,$13.47,$0.00,-$2.96,-1081.8338003,-0.4323876100319744,0.0
655,387,BEL,BEL,machine_parts_factory,3,1814.0,0.0,0.0,$825.81,$0.00,$2.92,$0.07,-$3.00,-1067.53143225,-0.5884958281422271,3.90445644983462e-05
656,1655,JAP,JAP,fertilizer_factory,1,9962.0,4.13431,1.68753,$606.57,$43.07,$46.19,$0.00,-$3.11,-1136.3365164500015,-0.11406710665027117,0.0
657,633,AUS,AUS,fertilizer_factory,1,7158.0,3.06473,1.51984,$720.47,$31.32,$34.47,$0.00,-$3.14,-1146.2055981500014,-0.16012930960463836,0.0
658,277,ENG,ENG,steel_factory,4,1812.0,0.0,0.0,"$1,329.16",$0.00,$3.13,$0.06,-$3.19,-1143.35403565,-0.6309900858995585,3.153481236203091e-05
659,284,ENG,ENG,steel_factory,2,1786.0,0.0,0.0,$31.69,$0.00,$3.23,$0.06,-$3.29,-1180.5023194500002,-0.6609755428051513,3.0932743561030233e-05
660,329,SWE,SWE,cement_factory,1,3926.0,0.0,0.0,$20.07,$0.00,$3.32,$0.00,-$3.32,-1210.85586545,-0.3084197313932756,0.0
661,2279,ECU,ECU,regular_clothes_factory,1,4302.0,0.96231,0.58115,$53.97,$5.35,$8.72,$0.00,-$3.38,-1232.6213081999997,-0.2865228517433751,0.0
662,525,POR,POR,artillery_factory,1,4978.0,0.46005,0.38727,$733.44,$26.89,$30.59,$0.00,-$3.70,-1352.1975711999983,-0.2716347069505822,0.0
663,744,ITA,ITA,canned_food_factory,1,7608.0,0.82095,0.14401,$31.86,$10.63,$14.35,$0.00,-$3.72,-1356.9093343,-0.1783529619216614,0.0
664,744,ITA,ITA,steel_factory,1,6770.0,0.0,0.0,$3.32,$0.00,$3.80,$0.00,-$3.80,-1385.61431765,-0.2046697662703102,0.0
665,2463,BRZ,BRZ,glass_factory,1,5922.0,0.0,0.0,$34.80,$0.00,$3.80,$0.00,-$3.80,-1385.9930416500001,-0.23404137819148937,0.0
666,2463,BRZ,BRZ,lumber_mill,1,3276.0,7.14594,6.58789,$5.08,$5.08,$9.07,$0.00,-$3.99,-1455.9565738,-0.44443118858363856,0.0
667,695,PRU,PRU,lumber_mill,1,6486.0,124.63538,76.34528,$713.26,$106.66,$111.37,$0.00,-$4.71,-1719.7929401999922,-0.2651546315448647,0.0
668,749,ITA,ITA,clipper_shipyard,1,2277.0,0.0,0.0,$593.05,$0.00,$4.74,$0.00,-$4.74,-1731.6336059,-0.7604890671497585,0.0
669,754,ITA,ITA,explosives_factory,2,13152.0,3.74875,2.89532,$94.89,$69.57,$74.51,$0.00,-$4.95,-1805.5737291000041,-0.13728510713959885,0.0
670,379,NET,NET,clipper_shipyard,1,641.0,0.0,0.0,$74.58,$0.00,$5.11,$0.00,-$5.11,-1864.3649288,-2.908525629953198,0.0
671,420,FRA,FRA,steamer_shipyard,1,2199.0,1.23898,0.79724,$93.73,$88.36,$93.72,$0.04,-$5.40,-1954.579007700001,-0.8888490257844479,1.9441405184174623e-05
672,451,FRA,FRA,explosives_factory,3,16921.0,6.64331,4.51315,"$2,967.41",$121.38,$126.48,$0.38,-$5.47,-1860.3994739000022,-0.10994618958099417,2.2188503043555347e-05
673,654,ROM,ROM,cement_factory,1,6010.0,1.70947,1.56592,$475.72,$21.15,$26.85,$0.00,-$5.70,-2081.85226295,-0.3463980470798669,0.0
674,2290,PEU,PEU,regular_clothes_factory,6,13604.0,3.07755,1.35873,$143.50,$17.48,$23.20,$0.00,-$5.72,-2086.608581599998,-0.15338198923845914,0.0
675,580,PRU,PRU,artillery_factory,1,4912.0,0.0,0.0,$54.52,$0.00,$5.92,$0.00,-$5.92,-2161.1167908,-0.43996677337133555,0.0
676,720,ITA,ITA,lumber_mill,1,9743.0,92.09445,30.64008,$123.11,$86.98,$93.07,$0.00,-$6.08,-2220.832517249998,-0.22794134427281104,0.0
677,575,PRU,PRU,machine_parts_factory,4,3982.0,0.0,0.0,$44.68,$0.00,$7.14,$0.00,-$7.14,-2605.1251214999998,-0.654225294198895,0.0
678,691,PRU,PRU,canned_food_factory,3,22409.0,0.0,0.0,$31.37,$0.00,$7.31,$0.00,-$7.31,-2667.6924141,-0.11904558053014413,0.0
679,392,BEL,BEL,fertilizer_factory,1,2879.0,1.1106,0.76068,$872.96,$12.16,$19.49,$0.11,-$7.44,-2674.4760121,-0.9289600597777006,3.906271274748177e-05
680,682,PRU,PRU,ammunition_factory,3,17423.0,0.0,0.0,$71.42,$0.00,$7.60,$0.00,-$7.60,-2773.87969965,-0.159207926284222,0.0
681,595,BAV,BAV,explosives_factory,2,19688.0,7.76047,7.54474,"$1,608.38",$131.55,$139.41,$0.00,-$7.86,-2867.6359539000023,-0.14565400009650561,0.0
682,558,SAX,SAX,artillery_factory,1,5991.0,0.66696,0.66696,$33.65,$33.64,$41.70,$0.00,-$8.06,-2941.7320270000037,-0.49102520898013746,0.0
683,754,ITA,ITA,luxury_clothes_factory,1,5704.0,0.0,0.0,$49.56,$0.00,$8.10,$0.00,-$8.10,-2956.5022265,-0.5183208671984572,0.0
684,720,ITA,ITA,regular_clothes_factory,1,9337.0,15.89597,11.32675,$103.19,$94.93,$103.19,$0.00,-$8.26,-3014.8144512999984,-0.32288898482381906,0.0
685,647,ROM,ROM,explosives_factory,1,9605.0,2.535,2.50229,$68.63,$42.91,$51.31,$0.00,-$8.40,-3065.7304401999972,-0.3191806809161892,0.0
686,258,ENG,ENG,steamer_shipyard,2,14297.0,7.35406,5.31918,$533.79,$525.03,$533.48,$0.00,-$8.45,-3085.457460150071,-0.2158115311009352,0.0
687,720,ITA,ITA,glass_factory,1,7603.0,0.0,0.0,$49.42,$0.00,$8.66,$0.00,-$8.66,-3159.5423898000004,-0.4155652229120085,0.0
688,754,ITA,ITA,fabric_factory,1,6409.0,0.0,0.0,$40.23,$0.00,$8.90,$0.00,-$8.90,-3246.76009975,-0.50659386795912,0.0
689,682,PRU,PRU,luxury_clothes_factory,1,2714.0,0.0,0.0,$7.13,$0.00,$9.03,$0.00,-$9.03,-3295.27008165,-1.2141746800478999,0.0
690,746,ITA,ITA,clipper_shipyard,1,4389.0,0.0,0.0,$114.04,$0.00,$9.33,$0.00,-$9.33,-3404.1307075000004,-0.7756050825928459,0.0
691,329,SWE,SWE,luxury_clothes_factory,1,6002.0,0.0,0.0,$50.16,$0.00,$9.83,$0.00,-$9.83,-3586.9760121,-0.5976301253082306,0.0
692,387,BEL,BEL,cement_factory,4,35930.0,15.63031,11.77188,"$3,977.73",$198.73,$207.29,$1.43,-$9.99,-3123.8644427999957,-0.0869430682660728,3.978453576398553e-05
693,691,PRU,PRU,ammunition_factory,3,14620.0,0.0,0.0,$61.75,$0.00,$10.11,$0.00,-$10.11,-3688.78570665,-0.2523109238474692,0.0
694,2310,BRZ,BRZ,luxury_clothes_factory,1,9653.0,0.0,0.0,$62.24,$0.00,$10.16,$0.00,-$10.16,-3709.4149774,-0.38427587044442146,0.0
695,741,ITA,ITA,glass_factory,1,8803.0,0.0,0.0,$58.44,$0.00,$10.86,$0.00,-$10.86,-3965.57663115,-0.4504801353118255,0.0
696,691,PRU,PRU,artillery_factory,1,5691.0,0.0,0.0,$63.22,$0.00,$11.37,$0.00,-$11.37,-4148.767244000001,-0.729004962923915,0.0
697,580,PRU,PRU,luxury_clothes_factory,1,5248.0,0.0,0.0,$17.40,$0.00,$11.53,$0.00,-$11.53,-4207.1574401,-0.80166871953125,0.0
698,654,ROM,ROM,artillery_factory,1,5029.0,0.45911,0.44269,$291.69,$23.51,$35.57,$0.00,-$12.06,-4401.2307761500015,-0.8751701682541264,0.0
699,762,ITA,ITA,clipper_shipyard,1,6309.0,0.0,0.0,$251.16,$0.00,$13.12,$0.00,-$13.12,-4788.8984697000005,-0.759058245316215,0.0
700,690,PRU,PRU,steel_factory,2,6781.0,0.0,0.0,$130.09,$0.00,$13.26,$0.00,-$13.26,-4839.1015625,-0.7136265392272526,0.0
701,2049,D02,D02,regular_clothes_factory,3,19886.0,5.16733,2.91531,$202.61,$29.87,$43.90,$0.00,-$14.03,-5119.835662299999,-0.2574593011314492,0.0
702,691,PRU,PRU,lumber_mill,2,6663.0,245.95801,150.66132,$300.63,$210.52,$225.18,$0.00,-$14.67,-5353.296203100001,-0.8034363204412428,0.0
703,284,ENG,ENG,explosives_factory,2,8369.0,0.0,0.0,$500.12,$0.00,$18.59,$0.28,-$18.87,-6785.8387751499995,-0.8108302993368383,3.301759111004899e-05
704,592,BAV,BAV,artillery_factory,2,10897.0,0.72009,0.71008,$149.15,$35.69,$55.35,$0.19,-$19.85,-7174.319612050002,-0.6583756641323302,1.7577108378452783e-05
705,741,ITA,ITA,regular_clothes_factory,2,16816.0,34.03711,24.25333,$223.45,$202.93,$223.04,$0.00,-$20.11,-7340.501097150005,-0.43651885687143227,0.0
706,720,ITA,ITA,luxury_clothes_factory,2,15237.0,0.0,0.0,$130.11,$0.00,$22.55,$0.00,-$22.55,-8232.3495468,-0.5402867721204961,0.0
707,294,ENG,ENG,clipper_shipyard,2,19481.0,0.26703,0.19189,$590.30,$3.29,$33.28,$0.61,-$30.59,-10943.97384635,-0.561776800284893,3.114123915610082e-05
708,682,PRU,PRU,artillery_factory,3,13217.0,0.0,0.0,$45.86,$0.00,$32.71,$0.00,-$32.71,-11940.07140965,-0.9033874108837103,0.0
709,749,ITA,ITA,regular_clothes_factory,4,24408.0,51.14883,36.44638,$339.67,$305.55,$339.68,$0.00,-$34.13,-12456.950530349979,-0.5103634271693699,0.0
710,461,FRA,FRA,luxury_clothes_factory,3,17481.0,0.0,0.0,$183.49,$0.00,$35.96,$0.32,-$36.28,-13124.21615535,-0.7507703309507465,1.837736227904582e-05
711,399,FRA,FRA,steamer_shipyard,3,14029.0,8.82806,5.68054,$668.77,$630.89,$668.72,$0.26,-$38.09,-13809.515685749997,-0.9843549565721005,1.8368251479079047e-05
712,754,ITA,ITA,regular_clothes_factory,4,22129.0,46.55942,33.17615,$327.82,$278.46,$320.39,$0.00,-$41.92,-15302.620543349996,-0.6915188460097608,0.0
713,273,ENG,ENG,clipper_shipyard,2,9633.0,18.33932,13.17862,"$1,137.09",$801.09,$846.94,$0.30,-$46.15,-16735.196531150003,-1.7372777464081806,3.102641337070487e-05
714,284,ENG,ENG,clipper_shipyard,4,29804.0,11.40338,8.19446,"$2,117.26",$490.27,$550.79,$1.11,-$61.63,-22088.993988750004,-0.7411419268806202,3.7381216279694004e-05
