TAG,OFFICIAL_NAME,POPULATION,GDP_POUNDS,GDP_PER_CAPITA,GDP_SHARE_PCT,UNEMP_RGO_PCT,UNEMP_FACTORY_PCT,GOLD_INCOME
FRM,"FRM",30860,24.5950,79.6985,0.0173,0.1018,100.0000,0
NZL,"NZL",384624,17.3799,4.5187,0.0122,46.2413,100.0000,0
PEU,"PEU",1719832,185.4511,10.7831,0.1302,10.8260,2.8479,180
NAS,"NAS",309012,44.1314,14.2815,0.0310,0.0251,0.0000,0
CLM,"CLM",1551968,238.0360,15.3377,0.1671,0.0000,0.1287,61
OLD,"OLD",309880,150.0411,48.4191,0.1053,0.0000,0.0000,0
BRZ,"BRZ",8034408,1183.5093,14.7305,0.8309,0.0194,14.5894,0
OMA,"OMA",130764,1.6189,1.2380,0.0011,1.5358,0.0000,0
HOL,"HOL",214328,5.8076,2.7097,0.0041,13.6830,100.0000,0
MYS,"MYS",1470268,215.7342,14.6731,0.1515,2.5986,0.0000,0
KUT,"KUT",203120,8.6041,4.2360,0.0060,0.0000,0.0000,0
POR,"POR",4243464,616.6922,14.5328,0.4330,13.9358,43.8804,0
WUR,"WUR",1165564,550.6201,47.2407,0.3866,5.6252,9.2790,0
ARG,"ARG",1189304,57.8649,4.8654,0.0406,19.1528,88.8534,0
MAK,"MAK",96972,2.3897,2.4643,0.0017,0.0000,0.0000,0
TOT,"Total",1171158780,142429.8281,12.1614,100.0000,9.6165,6.3558,6619
WEI,"WEI",271388,116.7126,43.0058,0.0819,19.3409,5.7315,0
D01,"D01",623776,54.8287,8.7898,0.0385,19.1422,19.2454,0
D03,"D03",810188,66.8469,8.2508,0.0469,14.9864,100.0000,0
D02,"D02",2218872,231.5653,10.4362,0.1626,18.5433,11.9371,0
D05,"D05",382592,52.4285,13.7035,0.0368,6.4994,0.0000,0
D07,"D07",373484,21.4626,5.7466,0.0151,0.0000,0.0000,0
D06,"D06",942696,92.6177,9.8248,0.0650,2.8420,0.0000,0
COB,"COB",344248,138.7937,40.3179,0.0974,0.0000,0.0000,0
URU,"URU",221480,7.5873,3.4257,0.0053,6.5008,0.0000,0
BUK,"BUK",3784224,84.7456,2.2394,0.0595,13.9119,0.0000,0
BUN,"BUN",1773404,189.2206,10.6699,0.1329,6.2932,0.0000,0
BUR,"BUR",4800252,361.8976,7.5391,0.2541,3.7924,0.0000,0
SWE,"SWE",4920632,1989.6016,40.4339,1.3969,5.4002,0.0000,0
COL,"COL",81804,6.6582,8.1392,0.0047,0.0000,100.0000,0
AST,"AST",900736,185.3549,20.5782,0.1301,17.5384,14.1581,24
USA,"United States",13842876,3849.1746,27.8062,2.7025,7.4209,0.0351,26
LIB,"LIB",416420,14.0502,3.3741,0.0099,0.0000,0.0000,0
SWI,"SWI",1518784,474.0795,31.2144,0.3329,11.7287,0.0000,0
BEL,"BEL",3333612,1420.5421,42.6127,0.9974,6.6857,3.7989,0
TIB,"TIB",2707924,167.1456,6.1725,0.1174,15.1054,0.0000,0
DAI,"DAI",6435248,217.6601,3.3823,0.1528,12.6065,0.0000,0
SOK,"SOK",1663016,23.0445,1.3857,0.0162,16.1546,0.0000,0
BER,"BER",4413804,369.1978,8.3646,0.2592,0.0000,0.0000,0
KOR,"KOR",10400092,780.3136,7.5029,0.5479,8.1884,0.0000,0
HAI,"HAI",705172,26.3588,3.7379,0.0185,0.0000,100.0000,0
RUS,"RUS",93785400,10215.9590,10.8929,7.1726,11.6853,1.8060,0
UCA,"UCA",1067772,75.2918,7.0513,0.0529,0.3123,59.0330,0
LIP,"LIP",31760,4.8951,15.4129,0.0034,0.0000,0.0000,0
MCK,"MCK",11291200,553.5033,4.9021,0.3886,0.8493,0.0000,18
HAN,"HAN",2167320,538.9864,24.8688,0.3784,12.8454,63.2372,0
HAM,"HAM",116052,82.0137,70.6698,0.0576,0.1498,0.0000,0
ECU,"ECU",788760,91.1734,11.5591,0.0640,6.0778,0.0000,0
ATJ,"ATJ",919436,16.9680,1.8455,0.0119,2.3438,0.0000,0
ITA,"ITA",15694452,3746.7656,23.8732,2.6306,3.8312,8.3957,0
NEP,"NEP",896784,47.6152,5.3095,0.0334,0.0000,0.0000,0
ALD,"ALD",1299156,125.5502,9.6640,0.0881,8.5474,0.0000,0
GXI,"GXI",95908136,5059.9048,5.2758,3.5526,0.0000,0.0000,0
XIN,"XIN",1248528,74.3245,5.9530,0.0522,2.6894,0.0000,0
PAN,"PAN",11126544,1026.7640,9.2281,0.7209,2.9694,0.0000,0
NET,"NET",13694940,1437.9001,10.4995,1.0095,2.5921,11.7823,155
TRA,"TRA",1238916,85.8182,6.9269,0.0603,9.0012,0.0000,0
PRG,"PRG",679056,34.0569,5.0153,0.0239,5.0790,100.0000,0
CHI,"CHI",213805580,12691.2744,5.9359,8.9105,1.8935,0.0000,1363
SPA,"SPA",20306972,2580.0942,12.7055,1.8115,7.4989,17.6560,28
CHL,"CHL",1233420,205.8796,16.6918,0.1445,10.1673,17.5503,38
ELS,"ELS",259192,42.2729,16.3095,0.0297,0.0000,100.0000,0
KHI,"KHI",678844,13.9866,2.0604,0.0098,14.7862,0.0000,0
TRN,"TRN",547436,46.6959,8.5299,0.0328,12.7960,3.7569,116
PRU,"PRU",21195536,5973.6211,28.1834,4.1941,8.4118,0.1663,765
BOL,"BOL",157380,26.4045,16.7776,0.0185,9.9379,0.0000,0
XBI,"XBI",30854288,2063.0208,6.6863,1.4484,3.2556,0.0000,0
AUS,"AUS",35386320,5708.5171,16.1320,4.0080,6.9375,3.0086,366
VNZ,"VNZ",959344,141.3511,14.7341,0.0992,0.1509,11.0874,0
SIA,"SIA",3450312,295.5681,8.5664,0.2075,30.9612,0.0000,0
MEC,"MEC",207004,68.9268,33.2973,0.0484,1.5342,0.0000,0
CAM,"CAM",644500,0.3135,0.0486,0.0002,87.8911,0.0000,0
MEI,"MEI",242976,109.9769,45.2625,0.0772,0.0000,0.0000,0
ROM,"ROM",5828420,819.0619,14.0529,0.5751,19.6440,7.6877,0
SIK,"SIK",52520,0.5473,1.0422,0.0004,16.2614,0.0000,0
KAL,"KAL",262260,2.8919,1.1027,0.0020,14.3020,0.0000,0
SIN,"SIN",1543300,33.6604,2.1811,0.0236,1.9540,0.0000,0
GRE,"GRE",1078356,207.6086,19.2523,0.1458,2.9351,35.8028,0
KRA,"KRA",135428,24.3267,17.9629,0.0171,0.0000,100.0000,0
ANH,"ANH",120236,21.3316,17.7414,0.0150,0.1001,0.0000,0
IND,"IND",931476,75.1012,8.0626,0.0527,0.0000,0.0000,0
MEW,"MEW",1149776,39.0123,3.3930,0.0274,0.0000,0.0000,0
ENG,"United Kingdom",89656212,15961.1094,17.8026,11.2063,10.9936,1.4434,553
MEX,"MEX",7832524,845.9528,10.8005,0.5939,14.5238,17.1808,202
AFG,"AFG",1865744,64.0983,3.4355,0.0450,11.5690,0.0000,0
WAL,"WAL",557780,98.2568,17.6157,0.0690,7.0727,0.0000,0
ORI,"ORI",599540,40.8961,6.8212,0.0287,16.8989,0.0000,0
AWA,"AWA",4888212,379.4760,7.7631,0.2664,0.0000,0.0000,0
SAX,"SAX",1063760,552.6993,51.9571,0.3881,0.0000,0.0000,0
BHU,"BHU",103916,1.0236,0.9850,0.0007,24.5875,0.0000,0
HDJ,"HDJ",461304,4.7167,1.0225,0.0033,15.6341,0.0000,0
CSA,"CSA",7248180,552.6151,7.6242,0.3880,3.0843,35.0777,0
YNN,"YNN",58650864,1835.7340,3.1299,1.2889,1.1045,0.0000,0
LUB,"LUB",23820,12.6747,53.2104,0.0089,0.0000,0.0000,0
LUA,"LUA",302192,12.2530,4.0547,0.0086,0.0000,0.0000,0
BIK,"BIK",996816,100.5543,10.0875,0.0706,39.8676,0.0000,0
BAD,"BAD",762460,246.7436,32.3615,0.1732,4.1010,50.2240,0
MOL,"MOL",792304,71.4682,9.0203,0.0502,10.3951,0.1110,0
TUN,"TUN",1410308,25.3140,1.7949,0.0178,10.8963,0.0000,0
DEN,"DEN",1839860,164.2096,8.9251,0.1153,12.6786,100.0000,0
MON,"MON",28368,1.1442,4.0334,0.0008,0.0288,0.0000,0
BAL,"BAL",818020,14.5685,1.7809,0.0102,0.0000,0.0000,0
LUX,"LUX",120688,31.7748,26.3280,0.0223,0.0000,100.0000,0
HEK,"HEK",498360,48.8413,9.8004,0.0343,17.1851,0.0000,0
TUR,"TUR",189927264,22681.3320,11.9421,15.9246,26.4918,0.0190,1299
BRA,"BRA",203676,41.5259,20.3882,0.0292,0.0000,0.0000,0
MGL,"MGL",2530016,171.5844,6.7819,0.1205,4.1258,0.0000,0
JAI,"JAI",1422584,228.4534,16.0590,0.1604,0.0000,0.0000,0
BAS,"BAS",435036,10.3429,2.3775,0.0073,22.5717,0.0000,0
BRE,"BRE",40656,4.4218,10.8761,0.0031,0.0000,100.0000,0
FRA,"France",40694084,11182.5918,27.4797,7.8513,8.1791,0.0064,459
NAG,"NAG",2714384,153.9509,5.6717,0.1081,4.8339,0.0000,0
BAV,"BAV",3386520,1218.1786,35.9714,0.8553,10.9530,0.0000,0
HES,"HES",1006428,669.5367,66.5260,0.4701,4.2922,0.0000,0
JAP,"JAP",30290428,3741.9590,12.3536,2.6272,4.9250,7.3640,718
PER,"PER",7011708,1196.2155,17.0603,0.8399,4.8009,8.0248,0
JAS,"JAS",381284,12.4779,3.2726,0.0088,38.8363,0.0000,0
HND,"HND",222260,8.8717,3.9916,0.0062,1.1238,0.0000,0
