ENTITY,ID,METRIC,VALUE,SOURCE_CLASS,SOURCE_METHOD
Country,FRM,GDP,24.5950,Country,Country.innerCalculations()
Country,NZL,GDP,17.3799,Country,Country.innerCalculations()
Country,PEU,GDP,185.4511,Country,Country.innerCalculations()
Country,NAS,GDP,44.1314,Country,Country.innerCalculations()
Country,CLM,GDP,238.0360,Country,Country.innerCalculations()
Country,OLD,GDP,150.0411,Country,Country.innerCalculations()
Country,BRZ,GDP,1183.5093,Country,Country.innerCalculations()
Country,OMA,GDP,1.6189,Country,Country.innerCalculations()
Country,HOL,GDP,5.8076,Country,Country.innerCalculations()
Country,MYS,GDP,215.7342,Country,Country.innerCalculations()
Country,KUT,GDP,8.6041,Country,Country.innerCalculations()
Country,POR,GDP,616.6922,Country,Country.innerCalculations()
Country,WUR,GDP,550.6201,Country,Country.innerCalculations()
Country,ARG,GDP,57.8649,Country,Country.innerCalculations()
Country,MAK,GDP,2.3897,Country,Country.innerCalculations()
Country,TOT,GDP,142429.8281,Country,Country.innerCalculations()
Country,WEI,GDP,116.7126,Country,Country.innerCalculations()
Country,D01,GDP,54.8287,Country,Country.innerCalculations()
Country,D03,GDP,66.8469,Country,Country.innerCalculations()
Country,D02,GDP,231.5653,Country,Country.innerCalculations()
Country,D05,GDP,52.4285,Country,Country.innerCalculations()
Country,D07,GDP,21.4626,Country,Country.innerCalculations()
Country,D06,GDP,92.6177,Country,Country.innerCalculations()
Country,COB,GDP,138.7937,Country,Country.innerCalculations()
Country,URU,GDP,7.5873,Country,Country.innerCalculations()
Country,BUK,GDP,84.7456,Country,Country.innerCalculations()
Country,BUN,GDP,189.2206,Country,Country.innerCalculations()
Country,BUR,GDP,361.8976,Country,Country.innerCalculations()
Country,SWE,GDP,1989.6016,Country,Country.innerCalculations()
Country,COL,GDP,6.6582,Country,Country.innerCalculations()
Country,AST,GDP,185.3549,Country,Country.innerCalculations()
Country,USA,GDP,3849.1746,Country,Country.innerCalculations()
Country,LIB,GDP,14.0502,Country,Country.innerCalculations()
Country,SWI,GDP,474.0795,Country,Country.innerCalculations()
Country,BEL,GDP,1420.5421,Country,Country.innerCalculations()
Country,TIB,GDP,167.1456,Country,Country.innerCalculations()
Country,DAI,GDP,217.6601,Country,Country.innerCalculations()
Country,SOK,GDP,23.0445,Country,Country.innerCalculations()
Country,BER,GDP,369.1978,Country,Country.innerCalculations()
Country,KOR,GDP,780.3136,Country,Country.innerCalculations()
Country,HAI,GDP,26.3588,Country,Country.innerCalculations()
Country,RUS,GDP,10215.9590,Country,Country.innerCalculations()
Country,UCA,GDP,75.2918,Country,Country.innerCalculations()
Country,LIP,GDP,4.8951,Country,Country.innerCalculations()
Country,MCK,GDP,553.5033,Country,Country.innerCalculations()
Country,HAN,GDP,538.9864,Country,Country.innerCalculations()
Country,HAM,GDP,82.0137,Country,Country.innerCalculations()
Country,ECU,GDP,91.1734,Country,Country.innerCalculations()
Country,ATJ,GDP,16.9680,Country,Country.innerCalculations()
Country,ITA,GDP,3746.7656,Country,Country.innerCalculations()
Country,NEP,GDP,47.6152,Country,Country.innerCalculations()
Country,ALD,GDP,125.5502,Country,Country.innerCalculations()
Country,GXI,GDP,5059.9048,Country,Country.innerCalculations()
Country,XIN,GDP,74.3245,Country,Country.innerCalculations()
Country,PAN,GDP,1026.7640,Country,Country.innerCalculations()
Country,NET,GDP,1437.9001,Country,Country.innerCalculations()
Country,TRA,GDP,85.8182,Country,Country.innerCalculations()
Country,PRG,GDP,34.0569,Country,Country.innerCalculations()
Country,CHI,GDP,12691.2744,Country,Country.innerCalculations()
Country,SPA,GDP,2580.0942,Country,Country.innerCalculations()
Country,CHL,GDP,205.8796,Country,Country.innerCalculations()
Country,ELS,GDP,42.2729,Country,Country.innerCalculations()
Country,KHI,GDP,13.9866,Country,Country.innerCalculations()
Country,TRN,GDP,46.6959,Country,Country.innerCalculations()
Country,PRU,GDP,5973.6211,Country,Country.innerCalculations()
Country,BOL,GDP,26.4045,Country,Country.innerCalculations()
Country,XBI,GDP,2063.0208,Country,Country.innerCalculations()
Country,AUS,GDP,5708.5171,Country,Country.innerCalculations()
Country,VNZ,GDP,141.3511,Country,Country.innerCalculations()
Country,SIA,GDP,295.5681,Country,Country.innerCalculations()
Country,MEC,GDP,68.9268,Country,Country.innerCalculations()
Country,CAM,GDP,0.3135,Country,Country.innerCalculations()
Country,MEI,GDP,109.9769,Country,Country.innerCalculations()
Country,ROM,GDP,819.0619,Country,Country.innerCalculations()
Country,SIK,GDP,0.5473,Country,Country.innerCalculations()
Country,KAL,GDP,2.8919,Country,Country.innerCalculations()
Country,SIN,GDP,33.6604,Country,Country.innerCalculations()
Country,GRE,GDP,207.6086,Country,Country.innerCalculations()
Country,KRA,GDP,24.3267,Country,Country.innerCalculations()
Country,ANH,GDP,21.3316,Country,Country.innerCalculations()
Country,IND,GDP,75.1012,Country,Country.innerCalculations()
Country,MEW,GDP,39.0123,Country,Country.innerCalculations()
Country,ENG,GDP,15961.1094,Country,Country.innerCalculations()
Country,MEX,GDP,845.9528,Country,Country.innerCalculations()
Country,AFG,GDP,64.0983,Country,Country.innerCalculations()
Country,WAL,GDP,98.2568,Country,Country.innerCalculations()
Country,ORI,GDP,40.8961,Country,Country.innerCalculations()
Country,AWA,GDP,379.4760,Country,Country.innerCalculations()
Country,SAX,GDP,552.6993,Country,Country.innerCalculations()
Country,BHU,GDP,1.0236,Country,Country.innerCalculations()
Country,HDJ,GDP,4.7167,Country,Country.innerCalculations()
Country,CSA,GDP,552.6151,Country,Country.innerCalculations()
Country,YNN,GDP,1835.7340,Country,Country.innerCalculations()
Country,LUB,GDP,12.6747,Country,Country.innerCalculations()
Country,LUA,GDP,12.2530,Country,Country.innerCalculations()
Country,BIK,GDP,100.5543,Country,Country.innerCalculations()
Country,BAD,GDP,246.7436,Country,Country.innerCalculations()
Country,MOL,GDP,71.4682,Country,Country.innerCalculations()
Country,TUN,GDP,25.3140,Country,Country.innerCalculations()
Country,DEN,GDP,164.2096,Country,Country.innerCalculations()
Country,MON,GDP,1.1442,Country,Country.innerCalculations()
Country,BAL,GDP,14.5685,Country,Country.innerCalculations()
Country,LUX,GDP,31.7748,Country,Country.innerCalculations()
Country,HEK,GDP,48.8413,Country,Country.innerCalculations()
Country,TUR,GDP,22681.3320,Country,Country.innerCalculations()
Country,BRA,GDP,41.5259,Country,Country.innerCalculations()
Country,MGL,GDP,171.5844,Country,Country.innerCalculations()
Country,JAI,GDP,228.4534,Country,Country.innerCalculations()
Country,BAS,GDP,10.3429,Country,Country.innerCalculations()
Country,BRE,GDP,4.4218,Country,Country.innerCalculations()
Country,FRA,GDP,11182.5918,Country,Country.innerCalculations()
Country,NAG,GDP,153.9509,Country,Country.innerCalculations()
Country,BAV,GDP,1218.1786,Country,Country.innerCalculations()
Country,HES,GDP,669.5367,Country,Country.innerCalculations()
Country,JAP,GDP,3741.9590,Country,Country.innerCalculations()
Country,PER,GDP,1196.2155,Country,Country.innerCalculations()
Country,JAS,GDP,12.4779,Country,Country.innerCalculations()
Country,HND,GDP,8.8717,Country,Country.innerCalculations()
Product,wool,OverproducedPercent,101.9494,Product,Product.getOverproduced()
Product,fuel,OverproducedPercent,1.4899,Product,Product.getOverproduced()
Product,small_arms,OverproducedPercent,110.4788,Product,Product.getOverproduced()
Product,cotton,OverproducedPercent,84.7363,Product,Product.getOverproduced()
Product,explosives,OverproducedPercent,93.3402,Product,Product.getOverproduced()
Product,tropical_wood,OverproducedPercent,80.2248,Product,Product.getOverproduced()
Product,radio,OverproducedPercent,100.0000,Product,Product.getOverproduced()
Product,opium,OverproducedPercent,97.8793,Product,Product.getOverproduced()
Product,tea,OverproducedPercent,65.5395,Product,Product.getOverproduced()
Product,aeroplanes,OverproducedPercent,100.0000,Product,Product.getOverproduced()
Product,furniture,OverproducedPercent,92.7752,Product,Product.getOverproduced()
Product,machine_parts,OverproducedPercent,68.3565,Product,Product.getOverproduced()
Product,luxury_clothes,OverproducedPercent,41.4127,Product,Product.getOverproduced()
Product,rubber,OverproducedPercent,7.3730,Product,Product.getOverproduced()
Product,tobacco,OverproducedPercent,89.4844,Product,Product.getOverproduced()
Product,grain,OverproducedPercent,100.2754,Product,Product.getOverproduced()
Product,timber,OverproducedPercent,89.0398,Product,Product.getOverproduced()
Product,artillery,OverproducedPercent,110.0556,Product,Product.getOverproduced()
Product,glass,OverproducedPercent,84.8617,Product,Product.getOverproduced()
Product,electric_gear,OverproducedPercent,100.0000,Product,Product.getOverproduced()
Product,barrels,OverproducedPercent,100.0000,Product,Product.getOverproduced()
Product,cattle,OverproducedPercent,101.7384,Product,Product.getOverproduced()
Product,fabric,OverproducedPercent,77.8158,Product,Product.getOverproduced()
Product,regular_clothes,OverproducedPercent,94.5345,Product,Product.getOverproduced()
Product,coal,OverproducedPercent,75.5601,Product,Product.getOverproduced()
Product,precious_metal,OverproducedPercent,22777.9414,Product,Product.getOverproduced()
Product,wine,OverproducedPercent,76.7111,Product,Product.getOverproduced()
Product,steel,OverproducedPercent,48.0806,Product,Product.getOverproduced()
Product,fruit,OverproducedPercent,101.5570,Product,Product.getOverproduced()
Product,luxury_furniture,OverproducedPercent,70.2659,Product,Product.getOverproduced()
Product,telephones,OverproducedPercent,100.0000,Product,Product.getOverproduced()
Product,liquor,OverproducedPercent,67.2182,Product,Product.getOverproduced()
Product,oil,OverproducedPercent,7.2850,Product,Product.getOverproduced()
Product,paper,OverproducedPercent,100.6652,Product,Product.getOverproduced()
Product,steamer_convoy,OverproducedPercent,98.8895,Product,Product.getOverproduced()
Product,clipper_convoy,OverproducedPercent,97.7958,Product,Product.getOverproduced()
Product,ammunition,OverproducedPercent,86.5204,Product,Product.getOverproduced()
Product,silk,OverproducedPercent,62.0688,Product,Product.getOverproduced()
Product,lumber,OverproducedPercent,91.4196,Product,Product.getOverproduced()
Product,sulphur,OverproducedPercent,71.3108,Product,Product.getOverproduced()
Product,automobiles,OverproducedPercent,100.0000,Product,Product.getOverproduced()
Product,fertilizer,OverproducedPercent,83.5492,Product,Product.getOverproduced()
Product,dye,OverproducedPercent,100.3298,Product,Product.getOverproduced()
Product,canned_food,OverproducedPercent,120.5864,Product,Product.getOverproduced()
Product,cement,OverproducedPercent,97.9532,Product,Product.getOverproduced()
Product,coffee,OverproducedPercent,84.8424,Product,Product.getOverproduced()
Product,fish,OverproducedPercent,98.9602,Product,Product.getOverproduced()
Product,iron,OverproducedPercent,43.7363,Product,Product.getOverproduced()
Product,total_pounds,OverproducedPercent,78.0010,Product,Product.getOverproduced()
