NAME,BASE_PRICE,PRICE,WORLD_SUPPLY_POOL,WORLD_REAL_DEMAND,OVERPRODUCED_PCT,INFLATION_PCT
wool,0.7000,0.6900,1682.9987,1650.8169,101.9494,98.5714
fuel,28.0000,29.1941,1.0000,67.1164,1.4899,104.2646
small_arms,30.0000,35.4985,70.6521,63.9508,110.4788,118.3285
cotton,2.0000,2.1702,1416.1171,1671.2057,84.7363,108.5085
explosives,20.0000,21.3213,118.5912,127.0527,93.3402,106.6064
tropical_wood,6.0000,6.1007,471.5550,587.7922,80.2248,101.6780
radio,30.0000,16.0000,1.0000,1.0000,100.0000,53.3333
opium,8.0000,3.2200,217.2880,221.9958,97.8793,40.2504
tea,3.5000,3.2106,2575.1267,3929.1238,65.5395,91.7314
aeroplanes,110.0000,110.0000,1.0000,1.0000,100.0000,100.0000
furniture,4.0000,5.1002,1920.0887,2069.6150,92.7752,127.5048
machine_parts,70.0000,73.8565,28.5380,41.7487,68.3565,105.5092
luxury_clothes,25.0000,103.9280,48.6403,117.4526,41.4127,415.7119
rubber,25.0000,25.8083,1.0000,13.5629,7.3730,103.2334
tobacco,3.0000,1.1601,586.8997,655.8680,89.4844,38.6687
grain,1.0000,2.2000,6299.0933,6281.7949,100.2754,220.0010
timber,1.0000,0.9600,8499.2822,9545.4814,89.0398,96.0050
artillery,80.0000,82.3518,35.3091,32.0829,110.0556,102.9398
glass,3.0000,3.1502,3089.3992,3640.5122,84.8617,105.0080
electric_gear,16.0000,16.0000,1.0000,1.0000,100.0000,100.0000
barrels,100.0000,98.0000,1.0000,1.0000,100.0000,98.0000
cattle,2.0000,1.9800,1397.2693,1373.3937,101.7384,98.9990
fabric,3.0000,2.0402,4246.6064,5457.2568,77.8158,68.0073
regular_clothes,4.0000,5.9802,1943.3798,2055.7361,94.5345,149.5040
coal,2.5000,2.6503,3726.3286,4931.6064,75.5601,106.0132
precious_metal,10.0000,8.0000,227.7794,1.0000,22777.9414,80.0000
wine,8.0000,11.2115,1208.5248,1575.4243,76.7111,140.1436
steel,6.0000,6.8421,816.5720,1698.3394,48.0806,114.0350
fruit,1.5000,1.7900,3358.0415,3306.5576,101.5570,119.3320
luxury_furniture,20.0000,88.1484,81.8301,116.4578,70.2659,440.7422
telephones,35.0000,16.0000,1.0000,1.0000,100.0000,45.7143
liquor,6.0000,7.8114,2168.4321,3225.9592,67.2182,130.1895
oil,40.0000,44.5017,1.0000,13.7268,7.2850,111.2543
paper,4.0000,3.4400,1366.0638,1357.0370,100.6652,86.0008
steamer_convoy,70.0000,71.5964,48.6183,49.1642,98.8895,102.2806
clipper_convoy,40.0000,43.9319,50.7761,51.9205,97.7958,109.8297
ammunition,18.0000,18.8313,120.6486,139.4453,86.5204,104.6183
silk,12.0000,12.6125,146.9528,236.7580,62.0688,105.1046
lumber,2.0000,1.0501,2792.7539,3054.8757,91.4196,52.5025
sulphur,7.0000,7.0810,298.6109,418.7457,71.3108,101.1579
automobiles,120.0000,70.0000,1.0000,1.0000,100.0000,58.3333
fertilizer,10.0000,10.9209,242.8902,290.7151,83.5492,109.2090
dye,12.0000,11.9500,176.4214,175.8414,100.3298,99.5829
canned_food,14.0000,14.7388,92.2108,76.4687,120.5864,105.2769
cement,16.0000,16.6707,226.6428,231.3786,97.9532,104.1916
coffee,3.5000,2.2902,305.2766,359.8159,84.8424,65.4340
fish,1.2000,1.5100,1755.1560,1773.5972,98.9602,125.8342
iron,5.0000,5.2917,938.3672,2145.5132,43.7363,105.8350
total_pounds,3.1438,3.6412,195681.0156,250870.0469,78.0010,115.8241
