RECORD_TYPE,TAG_OR_PRODUCT,NAME,POPULATION,GDP_POUNDS,GDP_PER_CAPITA,GDP_SHARE_PCT,UNEMP_RGO_PCT,UNEMP_FACTORY_PCT,GOLD_INCOME,PRICE,BASE_PRICE,WORLD_SUPPLY,REAL_DEMAND,OVERPRODUCED_PCT
COUNTRY,USA,"United States",600000,1279.8214,213.3036,31.3668,58.3333,90.0000,0,,,,,
COUNTRY,FRA,"France",480000,715.2857,149.0179,17.5307,70.8333,0.0000,0,,,,,
COUNTRY,TOT,"Total",1960000,4080.1787,208.1724,0.0000,62.5000,88.8889,30,,,,,
COUNTRY,ENG,"United Kingdom",880000,2085.0715,236.9399,51.1025,59.3750,91.6667,30,,,,,
PRODUCT,small_arms,"small_arms",,,,,,,,,12.0000,12.0000,150.0000,180.0000,83.3333
PRODUCT,iron,"iron",,,,,,,,,2.5000,2.5000,500.0000,450.0000,111.1111
PRODUCT,precious_metal,"precious_metal",,,,,,,,,10.0000,10.0000,60.0000,80.0000,75.0000
PRODUCT,grain,"grain",,,,,,,,,0.8000,0.8000,950.0000,900.0000,105.5556
PRODUCT,total_pounds,"total_pounds",,,,,,,,,2.6176,2.6176,4410.0000,4805.0000,91.7794
